41874;122812953585705862962422877952429021388763705696442825884238471577555744215225453377292505879545155346739285839829311334624540345006417414895427517075354435928671155252386356296865345536024393287095694595304556789115033657743179375127397742417197885416923689870426112;122812953585705862962422877952429021388763705696442825884238471577555744215225453377292505879545155346739285839829311334624540345006417414895427517075354435928671155252386356296865345536024393287095694595304556789115033657743179375127397742417197885416923689870426112;122812953585764515437647914672975671058259871765671824006063077073936040304215786436375468627263494488915694678742190662899420856433129779666258003350836947342004279511449166663448086962409835696079203543838306631051892272010010080901184340988442140212917749227192319;
41875;101457512357408575232158207008489220504428932489434585650949049587946781553226400607662679520571935266754013355061131362723487506272917265820275138268902175551244961423057263965046586786305860322048395988705200515388769303350836600187558119738397490810641919477022720;101457512357408575232158207008489220504428932489434585650949049587946781553226400607662679520571935266754013355061131362723487506272917265820275138268902175551244961423057263965046586786305860322048395988705200515388769303350836600187558119738397490810641919477022720;101457512357467227707383243729035870173925098558663583772773655084327077642216733666745642268290274408930422193974010690998368017699629630591105624544384686964578085682120074331629328212691302731031904937238950357325627917617667305961344718309641745606635978833788927;
41876;28382301947523693858960080898046615093357638864276484779334867351984842093995413439265016057907814005733761225934367209969112387930126628535272736764549689084482630959231099563176239230029169805085807848545960058287405433274245563608630438463522553873979316679737344;28382301947523693858960080898046615093357638864276484779334867351984842093995413439265016057907814005733761225934367209969112387930126628535272736764549689084482630959231099563176239230029169805085807848545960058287405433274245563608630438463522553873979316679737344;28382301947582346334185117618593264762853804933505482901159472848365138182985746498347978805626153147910170064847246538243992899356838993306103223040032200497815755218293909929758980656414612214069316797079709900224264047541076269382417037034766808669973376036503551;
41877;103673130944458725210165364322990669694923679281715853195210097646061943983638890421252050639332137247167272929629195952402383666380847922174314576425912658494623099708619269484777935754188602694125914904712537621007824916293157633829406120467197673811517043952844800;103673130944458725210165364322990669694923679281715853195210097646061943983638890421252050639332137247167272929629195952402383666380847922174314576425912658494623099708619269484777935754188602694125914904712537621007824916293157633829406120467197673811517043952844800;103673130944517377685390401043537319364419845350944851317034703142442240072629223480335013387050476389343681768542075280677264177807560286945145062701395169907956223967682079851360677180574045103109423853246287462944683530559988339603192719038441928607511103309611007;
41878;126248686374921124978576463100331968763721384474622774276499672058875180049257242321437360001814162193405123501136639965305734503023585198789334194786688158791820971704638509372392701795370956318444935786677692297255080844732191958089191490124274715891329157327486976;126248686374921124978576463100331968763721384474622774276499672058875180049257242321437360001814162193405123501136639965305734503023585198789334194786688158791820971704638509372392701795370956318444935786677692297255080844732191958089191490124274715891329157327486976;126248686374979777453801499820878618433217550543851772398324277555255476138247575380520322749532501335581532340049519293580615014450297563560164681062170670205154095963701319738975443221756398727428444735211442139191939458999022663862978088695518970687323216684253183;
41879;127967073993577040796838419918842195390147420774486560163976983005964271954047802933953279615345657171434571890329357911680642031181915973862562793440147572738759242584040183612544538830020752338408798304663983156898008076451578223133174811020318079134111727156723712;127967073993577040796838419918842195390147420774486560163976983005964271954047802933953279615345657171434571890329357911680642031181915973862562793440147572738759242584040183612544538830020752338408798304663983156898008076451578223133174811020318079134111727156723712;127967073993635693272063456639388845059643586843715558285801588502344568043038135993036242363063996313610980729242237239955522542608628338633393279715630084152092366843102993979127280256406194747392307253197732998834866690718408928906961409591562333930105786513489919;
41880;105244692381027100227630816074855362957433107903648243400339989315227813005105140955341791429534061273086573762557827113808158423192405780732401960754999882542318889260354901640633214221651761674344411763279673290687876763285905867828413197146065789876444606977015808;105244692381027100227630816074855362957433107903648243400339989315227813005105140955341791429534061273086573762557827113808158423192405780732401960754999882542318889260354901640633214221651761674344411763279673290687876763285905867828413197146065789876444606977015808;105244692381085752702855852795402012626929273972877241522164594811608109094095474014424754177252400415262982601470706442083038934619118145503232447030482393955652013519417712007215955648037204083327920711813423132624735377552736573602199795717310044672438666333782015;
41881;31692069187369632709980458575098682348403373719981782046767957556632394030142300368816859943286100634334218235094253089327516450670163650356868660124299370514655789050973482016987898149351100324836957415099912879381506807039315337653862726977929873883642149413584896;31692069187369632709980458575098682348403373719981782046767957556632394030142300368816859943286100634334218235094253089327516450670163650356868660124299370514655789050973482016987898149351100324836957415099912879381506807039315337653862726977929873883642149413584896;31692069187428285185205495295645332017899539789210780168592563053012690119132633427899822691004439776510627074007132417602396962096876015127699146399781881927988913310036292383570639575736542733820466363633662721318365421306146043427649325549174128679636208770351103;
41882;110536279166671646628114034879248135599922048190620457920860686733294858071158039266790228949573931647099312810473419693493629127171576945060641104512193524562539061727557817674338438046112471325794158965181459993325535529175207665692136482633286663469621073688920064;110536279166671646628114034879248135599922048190620457920860686733294858071158039266790228949573931647099312810473419693493629127171576945060641104512193524562539061727557817674338438046112471325794158965181459993325535529175207665692136482633286663469621073688920064;110536279166700972865726553239521460434670131225234956981772989481485006115653205796331710323433101218187517229929859357631069382884933127446056347649934780269205623857089222857629808759305192530285913439448334914293964836308623018579029781918908790867618103367303167;
41883;31195376667935976261141920662374526183592656137434034226911594376440371950831996144979244042997811698953726445376889523279232786190815637772466248433786443172178875216580180542841792431857732731461775959697795150773973411215855423832886400772315852676496177575755776;31195376667935976261141920662374526183592656137434034226911594376440371950831996144979244042997811698953726445376889523279232786190815637772466248433786443172178875216580180542841792431857732731461775959697795150773973411215855423832886400772315852676496177575755776;31195376667994628736366957382921175853088822206663032348736199872820668039822329204062206790716150841130135284289768851554113297617528002543296734709268954585511999475642990909424533858243175140445284908231544992710832025482686129606672999343560107472490236932521983;
41884;127313192921861942836448273929798080916237243211454765523636947038558684661491944964758364525501813175358418653542503228130598322253436012816336472118403946968370782157791708382656435139867480818598324414915240187509837070115143780496382800991599253496595616035241984;127313192921861942836448273929798080916237243211454765523636947038558684661491944964758364525501813175358418653542503228130598322253436012816336472118403946968370782157791708382656435139867480818598324414915240187509837070115143780496382800991599253496595616035241984;127313192921891269074060792290071405750985326246069264584549249786748832705987111494299845899360982746446623072998942892268038577966792195201751715256145202675037344287323113565947805853060202023090078889182115108478266377248559133383276100277221380894592645713625087;
41885;31195376668346543587717177706201073870065818622037021079683832851102444573764327558559983277026185694188588317767044821203396366177802191168279652362164023065510745030019853108920982416555829594346338599434044044331983711083670364249392590771025636248454593073119232;31195376668346543587717177706201073870065818622037021079683832851102444573764327558559983277026185694188588317767044821203396366177802191168279652362164023065510745030019853108920982416555829594346338599434044044331983711083670364249392590771025636248454593073119232;31195376668405196062942214426747723539561984691266019201508438347482740662754660617642946024744524836364997156679924149478276877604514555939110138637646534478843869289082663475503723842941272003329847547967793886268842325350501070023179189342269891044448652429885439;
41886;106996548456977252172209972542934116973893575790910761454263469091914740719092437987228230398943938551820298822889554358017842495171311002229484330342403336599981908344910966566590275624972637828381852019230234259002305773775948846261362084142233405646963175747223552;106996548456977252172209972542934116973893575790910761454263469091914740719092437987228230398943938551820298822889554358017842495171311002229484330342403336599981908344910966566590275624972637828381852019230234259002305773775948846261362084142233405646963175747223552;106996548457035904647435009263480766643389741860139759576088074588295036808082771046311193146662277693996707661802433686292723006598023367000314816617885848013315032603973776933173017051358080237365360967763984100939164388042779552035148682713477660442957235103989759;
41887;127436685005117100990531410373772746811723479597425494536508850609607279789812245036731538324890418577282894255432799136709888432857097452255588727450641227111667976832941159578967169630949611583988578364652066414008576140421443177426140812389083359309504090317258752;127436685005117100990531410373772746811723479597425494536508850609607279789812245036731538324890418577282894255432799136709888432857097452255588727450641227111667976832941159578967169630949611583988578364652066414008576140421443177426140812389083359309504090317258752;127436685005175753465756447094319396481219645666654492658333456105987575878802578095814501072608757719459303094345678464984768944283809817026419213726123738525001101092003969945549911057335053992972087313185816255945434754688273883199927410960327614105498149674024959;
41888;108480802367258381104865115907621657695172093670205440952941258734114074400798541211629914408501109660745120574529253277122273693583835161960856145345758758373219606145936337122077678117124730903309804757453294668117826097414342809107349686552167141303299494320799744;108480802367258381104865115907621657695172093670205440952941258734114074400798541211629914408501109660745120574529253277122273693583835161960856145345758758373219606145936337122077678117124730903309804757453294668117826097414342809107349686552167141303299494320799744;108480802367317033580090152628168307364668259739434439074765864230494370489788874270712877156219448802921529413442132605397154205010547526731686631621241269786552730404999147488660419543510173312293313705987044510054684711681173514881136285123411396099293553677565951;
41889;125942871020090853341801659150636560466941796000472479252446391504069536701538315646690742192706096449910075687286862656475093418724085314247784044179806742243209520008637664172166198209755534040084147834572546934719697407721435836046956807000101382541784943192702976;125942871020090853341801659150636560466941796000472479252446391504069536701538315646690742192706096449910075687286862656475093418724085314247784044179806742243209520008637664172166198209755534040084147834572546934719697407721435836046956807000101382541784943192702976;125942871020149505817026695871183210136437962069701477374270997000449832790528648705773704940424435592086484526199741984749973930150797679018614530455289253656542644267700474538748939636140976449067656783106296776656556021988266541820743405571345637337779002549469183;
41890;123181059908747644596620107419778315441247215475922542152454552210905023732541949981979626267451558177424367017859893849010373801761599451950039352156565006273137171948802950073580808660969189652355992243629899670386385204789828736733685942011188930904779629732560896;123181059908747644596620107419778315441247215475922542152454552210905023732541949981979626267451558177424367017859893849010373801761599451950039352156565006273137171948802950073580808660969189652355992243629899670386385204789828736733685942011188930904779629732560896;123181059908806297071845144140324965110743381545151540274279157707285319821532283041062589015169897319600775856772773177285254313188311816720869838432047517686470296207865760440163550087354632061339501192163649512323243819056659442507472540582433185700773689089327103;
41891;99758493354615111482177771489898739250031500760494056453801302107700605493022033350116117723330769711035176767196655016351197485530685783634905330112928086002391290643438844466141188660988762402870188306598483287586670908531519178366805242561097375236592929528086528;99758493354615111482177771489898739250031500760494056453801302107700605493022033350116117723330769711035176767196655016351197485530685783634905330112928086002391290643438844466141188660988762402870188306598483287586670908531519178366805242561097375236592929528086528;99758493354673763957402808210445388919527666829723054575625907604080901582012366409199080471049108853211585606109534344626077996957398148405735816388410597415724414902501654832723930087374204811853697255132233129523529522798349884140591841132341630032586988884852735;
41892;101314340230040886890205209947638367219264901902018686342539039416115488784574266662217851511323833949890569038759226491455006989362329377058162194300936712146655773533133501130391535361430482334246524106611196759159427212675991816969510658291972624354155026966380544;101314340230040886890205209947638367219264901902018686342539039416115488784574266662217851511323833949890569038759226491455006989362329377058162194300936712146655773533133501130391535361430482334246524106611196759159427212675991816969510658291972624354155026966380544;101314340230099539365430246668185016888761067971247684464363644912495784873564599721300814259042173092066977877672105819729887500789041741828992680576419223559988897792196311496974276787815924743230033055144946601096285826942822522743297256863216879150149086323146751;
41893;126152245461202973808602611723041158418258211829794304175887582305389969648490474887742839633148989741863915735481098065338894121657080585370131602111324954354493797166954543344766841336487033125433556190643524061101745208740984976327939044859607928998132002049753088;126152245461202973808602611723041158418258211829794304175887582305389969648490474887742839633148989741863915735481098065338894121657080585370131602111324954354493797166954543344766841336487033125433556190643524061101745208740984976327939044859607928998132002049753088;126152245461261626283827648443587808087754377899023302297712187801770265737480807946825802380867328884040324574393977393613774633083792950140962088386807465767826921426017353711349582762872475534417065139177273903038603823007815682101725643430852183794126061406519295;
41894;123938778936286619497361682103190394187622596337036488965822162465438906538069591549800951127763756436995064317744901307489780569239367142823382058218912171313147499530849031227515294704270438644768927336000323213353290424147731394435577291230451425412642682156613632;123938778936286619497361682103190394187622596337036488965822162465438906538069591549800951127763756436995064317744901307489780569239367142823382058218912171313147499530849031227515294704270438644768927336000323213353290424147731394435577291230451425412642682156613632;123938778936345271972586718823737043857118762406265487087646767961819202627059924608883913875482095579171473156657780635764661080666079507594212544494394682726480623789911841594098036130655881053752436284534073055290149038414562100209363889801695680208636741513379839;
41895;98000091731287851353778718840470925088744041957679707448568634037949965084292089038982577926984158120982751257549782501776012728603672120824469999668265054530504742061711515965137946461334714796815887146910083331792076740536370193958772219370451952938884936788606976;98000091731287851353778718840470925088744041957679707448568634037949965084292089038982577926984158120982751257549782501776012728603672120824469999668265054530504742061711515965137946461334714796815887146910083331792076740536370193958772219370451952938884936788606976;98000091731346503829003755561017574758240208026908705570393239534330261173282422098065540674702497263159160096462661830050893240030384485595300485943747565943837866320774326331720687887720157205799396095443833173728935354803200899732558817941696207734878996145373183;
41896;105244692953885825750564465653982684926487106063272899261261872461579714173688129018638948394552462910071703424650226374566113527892072497433761413392688856566943527526823752054268725728267770216276312092414379487985962307421409160402121442488702382350422344512569344;105244692953885825750564465653982684926487106063272899261261872461579714173688129018638948394552462910071703424650226374566113527892072497433761413392688856566943527526823752054268725728267770216276312092414379487985962307421409160402121442488702382350422344512569344;105244692953944478225789502374529334595983272132501897383086477957960010262678462077721911142270802052248112263563105702840994039318784862204591899668171367980276651785886562420851467154653212625259821040948129329922820921688239866175908041059946637146416403869335551;
41897;28373193018174957614109005860845137190376245454302526245666870208935276001874430910724351017309682033672859212247648177476880504018765150255562589622177646834429577364180260139093057475940858640596510946539954752740750589041700522012001676322040076912125177361334272;28373193018174957614109005860845137190376245454302526245666870208935276001874430910724351017309682033672859212247648177476880504018765150255562589622177646834429577364180260139093057475940858640596510946539954752740750589041700522012001676322040076912125177361334272;28373193018233610089334042581391786859872411523531524367491475705315572090864763969807313765028021175849268051160527505751761015445477515026393075897660158247762701623243070505675798902326301049580019895073704594677609203308531227785788274893284331708119236718100479;
41898;26092469999808159521029985220002879462052849783115832802110067836192900980176045281162372101458794661201002430330651406638810807698661462352993576434176626577480291668863722765762237142109911581329485001210699955170615780443044468908872630490191957379857537900216320;26092469999808159521029985220002879462052849783115832802110067836192900980176045281162372101458794661201002430330651406638810807698661462352993576434176626577480291668863722765762237142109911581329485001210699955170615780443044468908872630490191957379857537900216320;26092469999866811996255021940549529131549015852344830923934673332573197069166378340245334849177133803377411269243530734913691319125373827123824062709659137990813415927926533132344978568495353990312993949744449797107474394709875174682659229061436212175851597256982527;
41899;124538964301230389661250984671553619391441581796538045746422177968085898300991864576160361932923751207819864952829598511523959932401020607830697966547369001315436256701253716090604681514366239674354277163693537747537661907988931796695565434714431180986794243602251776;124538964301230389661250984671553619391441581796538045746422177968085898300991864576160361932923751207819864952829598511523959932401020607830697966547369001315436256701253716090604681514366239674354277163693537747537661907988931796695565434714431180986794243602251776;124538964301289042136476021392100269060937747865767043868246783464466194389982197635243324680642090349996273791742477839798840443827732972601528452822851512728769380960316526457187422940751682083337786112227287589474520522255762502469352033285675435782788302959017983;
41900;125960007469084166198965792728026207151309887629229405409974434370604222500776793851473995578501351481951716389014886350039686263184356902050061227621766584198139215907580644398664266012681130204143434743173859360163773263702365266926129129635724812316578096328212480;125960007469084166198965792728026207151309887629229405409974434370604222500776793851473995578501351481951716389014886350039686263184356902050061227621766584198139215907580644398664266012681130204143434743173859360163773263702365266926129129635724812316578096328212480;125960007469142818674190829448572856820806053698458403531799039866984518589767126910556958326219690624128125227927765678314566774611069266820891713897249095611472340166643454765247007439066572613126943691707609202100631877969195972699915728206969067112572155684978687;
41901;99607981282299910626656506665857617339350927737988604194495937433813678144067071970022456030363460328135923160502826621487659245956952798453734266483639217828643933247694128618646226608289233424227225824047470491897893250848946592057354518474065068089844024152686592;99607981282299910626656506665857617339350927737988604194495937433813678144067071970022456030363460328135923160502826621487659245956952798453734266483639217828643933247694128618646226608289233424227225824047470491897893250848946592057354518474065068089844024152686592;99607981282358563101881543386404267008847093807217602316320542930193974233057405029105418778081799470312331999415705949762539757383665163224564752759121729241977057506756938985228968034674675833210734772581220333834751865115777297831141117045309322885838083509452799;
41902;98519124346495651264477775001609332418638522913146686720047423004367750065978049095419539793704845090123510658219406564514339998571786695161883595356573578825511664703891673352972656462882501742395144517417653794985418612821380004851149278499770429723039528740978688;98519124346495651264477775001609332418638522913146686720047423004367750065978049095419539793704845090123510658219406564514339998571786695161883595356573578825511664703891673352972656462882501742395144517417653794985418612821380004851149278499770429723039528740978688;98519124346554303739702811722155982088134688982375684841872028500748046154968382154502502541423184232299919497132285892789220509998499059932714081632056090238844788962954483719555397889267944151378653465951403636922277227088210710624935877071014684519033588097744895;
41903;27211941727811380820632224596689755242054625197284829914000229401945700068755790631196422137660239345667898222445612319318619757971863357005513782787174415490259209363560649731422856734934830457357080070150157332350080040650659580379917015695548570061194512803299328;27211941727811380820632224596689755242054625197284829914000229401945700068755790631196422137660239345667898222445612319318619757971863357005513782787174415490259209363560649731422856734934830457357080070150157332350080040650659580379917015695548570061194512803299328;27211941727870033295857261317236404911550791266513828035824834898325996157746123690279384885378578487844307061358491647593500269398575721776344269062656926903592333622623460098005598161320272866340589018683907174286938654917490286153703614266792824857188572160065535;
41904;110933396253873304707438670482508015188293238745719099210841892424558560747989624833976475128867075639871265757183683310672253278496261189410184363408498132001082067189306552422055307973510967860066697013804779740638760876593327271231070943150068200746735502394130432;110933396253873304707438670482508015188293238745719099210841892424558560747989624833976475128867075639871265757183683310672253278496261189410184363408498132001082067189306552422055307973510967860066697013804779740638760876593327271231070943150068200746735502394130432;110933396253931957182663707203054664857789404814948097332666497920938856836979957893059437876585414782047674596096562638947133789922973554181014849683980643414415191448369362788638049399896410269050205962338529582575619490860157977004857541721312455542729561750896639;
41905;25762103712245660399481289617261828305258717226710947260615287531610763443196012088360915632945735219573527997102192107376169961733414059812472494396969771837150723300230520816342326054332073410803530681391858461277486847307044967328335103472358990534954314645897216;25762103712245660399481289617261828305258717226710947260615287531610763443196012088360915632945735219573527997102192107376169961733414059812472494396969771837150723300230520816342326054332073410803530681391858461277486847307044967328335103472358990534954314645897216;25762103712304312874706326337808477974754883295939945382439893027991059532186345147443878380664074361749936836015071435651050473160126424583302980672452283250483847559293331182925067480717515819787039629925608303214345461573875673102121702043603245330948374002663423;
41906;127323733742153063246200603400545298277189558671564069902171332102319483990755115486766455190849529865659916140791304556344360856298897931746681836690755010114264921763458357678308910827484637622280656175203053288724647514056966318219588652671501367878709650344902656;127323733742153063246200603400545298277189558671564069902171332102319483990755115486766455190849529865659916140791304556344360856298897931746681836690755010114264921763458357678308910827484637622280656175203053288724647514056966318219588652671501367878709650344902656;127323733742211715721425640121091947946685724740793068023995937598699780079745448545849417938567869007836324979704183884619241367725610296517512322966237521527598046022521168044891652253870080031264165123736803130661506128323797023993375251242745622674703709701668863;
41907;103698495743013522332613613364842393385298386753324251405329452382799846219255979736660139939098541175608868967012133499915136032976664835573562899330644050345212107942763648831504396789006321180814807508328563617108810646836452127487652150341882229196097666269839360;103698495743013522332613613364842393385298386753324251405329452382799846219255979736660139939098541175608868967012133499915136032976664835573562899330644050345212107942763648831504396789006321180814807508328563617108810646836452127487652150341882229196097666269839360;103698495743042848570226131725115718220046469787938750466241755130989994263751146266201621312957710746697073386468573164052576288690021017958978142468385306051878670072295054014795767502199042385306561982595438538077239953969867480374545449627504356594094695948222463;
41908;27051721280078943851789771650190054753826819427613940739998395555750010459745101941142701419404995012922174784727659145847273671824964480413259799277668282296594525954787077767896401511938128930767594356482342429208680406072830003979100046096009523479765332363575296;27051721280078943851789771650190054753826819427613940739998395555750010459745101941142701419404995012922174784727659145847273671824964480413259799277668282296594525954787077767896401511938128930767594356482342429208680406072830003979100046096009523479765332363575296;27051721280137596327014808370736704423322985496842938861823001052130306548735435000225664167123334155098583623640538474122154183251676845184090285553150793709927650213849888134479142938323571339751103305016092271145539020339660709752886644667253778275759391720341503;
41909;105246137421179926380676894780970532256630841299029023920775702489948792851530345169603183907158421807160151856167196362579225060831495646713509549195988891471287928173832580147128777367936113712933354980137920147783476922370864730511844076077101759010880606349295616;105246137421179926380676894780970532256630841299029023920775702489948792851530345169603183907158421807160151856167196362579225060831495646713509549195988891471287928173832580147128777367936113712933354980137920147783476922370864730511844076077101759010880606349295616;105246137421238578855901931501517181926127007368258022042600307986329088940520678228686146654876760949336560695080075690854105572258208011484340035471471402884621052432895390513711518794321556121916863928671669989720335536637695436285630674648346013806874665706061823;
41910;104507298560487600726163636981028085235684436296829496756854625053473127745422812905432630692511379163550925735496456540435350854202870488062896356598453524570501364466258407651253006227401909506309027935025896368646578513819952687308271634109279693044536888340250624;104507298560487600726163636981028085235684436296829496756854625053473127745422812905432630692511379163550925735496456540435350854202870488062896356598453524570501364466258407651253006227401909506309027935025896368646578513819952687308271634109279693044536888340250624;104507298560546253201388673701574734905180602366058494878679230549853423834413145964515593440229718305727334574409335868710231365629582852833726842873936035983834488725321218017835747653787351915292536883559646210583437128086783393082058232680523947840530947697016831;
41911;109013548930084100158428366391478789841256639425622025784329969778960490846060427200421980357696571422842646687397384252922156422773654316003489309945156447596434669950546892726070537324362529639197155319299260701965812567103013960105243919313692459739890930788859904;109013548930084100158428366391478789841256639425622025784329969778960490846060427200421980357696571422842646687397384252922156422773654316003489309945156447596434669950546892726070537324362529639197155319299260701965812567103013960105243919313692459739890930788859904;109013548930142752633653403112025439510752805494851023906154575275340786935050760259504943105414910565019055526310263581197036934200366680774319796220638959009767794209609703092653278750747972048180664267833010543902671181369844665879030517884936714535884990145626111;
41912;124327937153017477118739937426627945252473074027299371962288203038781739308714187974121567040866176754659491347438406650604397785522007466099299313428546344962105078034939683093401006446852099633193442745926457496597147922015317128591506619093053305765654600806825984;124327937153017477118739937426627945252473074027299371962288203038781739308714187974121567040866176754659491347438406650604397785522007466099299313428546344962105078034939683093401006446852099633193442745926457496597147922015317128591506619093053305765654600806825984;124327937153076129593964974147174594921969240096528370084112808535162035397704521033204529788584515896835900186351285978879278296948719830870129799704028856375438202294002493459983747873237542042176951694460207338534006536282147834365293217664297560561648660163592191;
41913;108901367415753143521263974388382345345637012255921633871820341675712034389134065954432050457540300261416588920643443094151736762352347050005108361361982559055163886707405982399790604164674390260743805724063344296081074257569734641101814926359185066784748161286012928;108901367415753143521263974388382345345637012255921633871820341675712034389134065954432050457540300261416588920643443094151736762352347050005108361361982559055163886707405982399790604164674390260743805724063344296081074257569734641101814926359185066784748161286012928;108901367415811795996489011108928995015133178325150631993644947172092330478124399013515013205258639403592997759556322422426617273779059414775938847637465070468497010966468792766373345591059832669727314672597094138017932871836565346875601524930429321580742220642779135;
41914;103759194340541355239463256114230035189095375716009225039631952455939609633544408069763631772800314966217251261546211569882916990476448700892525183369726025523942874068365856098614432069206320941885091770919431798079824310467031744127338613012801927016414736703029248;103759194340541355239463256114230035189095375716009225039631952455939609633544408069763631772800314966217251261546211569882916990476448700892525183369726025523942874068365856098614432069206320941885091770919431798079824310467031744127338613012801927016414736703029248;103759194340600007714688292834776684858591541785238223161456557952319905722534741128846594520518654108393660100459090898157797501903161065663355669645208536937275998327428666465197173495591763350868600719453181640016682924733862449901125211584046181812408796059795455;
41915;110783473898178055965621204303836868919662443146509682701531443727274699583550568376192727659337647585530154582665648439920414004257127337686831236651613708658547516095367813421612624240677170853466051236339533734938439926895500760374026908723341832190264454315769856;110783473898178055965621204303836868919662443146509682701531443727274699583550568376192727659337647585530154582665648439920414004257127337686831236651613708658547516095367813421612624240677170853466051236339533734938439926895500760374026908723341832190264454315769856;110783473898236708440846241024383518589158609215738680823356049223654995672540901435275690407055986727706563421578527768195294515683839702457661722927096220071880640354430623788195365667062613262449560184873283576875298541162331466147813507294586086986258513672536063;
41916;111121336977143130236285005021728266586405803970995568411903411844783582623828704653802232771680392411712558605147806786895832498583169589324571800315760115555602614929168731487181677409264221809023960860295197189744083900640364328859122568345653023975163536498229248;111121336977143130236285005021728266586405803970995568411903411844783582623828704653802232771680392411712558605147806786895832498583169589324571800315760115555602614929168731487181677409264221809023960860295197189744083900640364328859122568345653023975163536498229248;111121336977201782711510041742274916255901970040224566533728017341163878712819037712885195519398731553888967444060686115170713010009881954095402286591242626968935739188231541853764418835649664218007469808828947031680942514907195034632909166916897278771157595854995455;
41917;98000130661516367120551761355909155151995496289809079799519223481197255883918057001008599488279742859291126647726648984066189140375514570934752433532320585911732949447715473060263261240421023146979422732165169870076144663816343310170854291317107265219818634218569728;98000130661516367120551761355909155151995496289809079799519223481197255883918057001008599488279742859291126647726648984066189140375514570934752433532320585911732949447715473060263261240421023146979422732165169870076144663816343310170854291317107265219818634218569728;98000130661575019595776798076455804821491662359038077921343828977577551972908390060091562235998082001467535486639528312341069651802226935705582919807803097325066073706778283426846002666806465555962931680698919712013003278083174015944640889888351520015812693575335935;
41918;101879444671114441146160597721503835452998804742152076008637480540242837536640793783633851097982786218086396149409018088719450049283461955495919064651505563039397035839574188036641446091942287315700315963870593467819341377070410080622150811457264253423997733119721472;101879444671114441146160597721503835452998804742152076008637480540242837536640793783633851097982786218086396149409018088719450049283461955495919064651505563039397035839574188036641446091942287315700315963870593467819341377070410080622150811457264253423997733119721472;101879444671173093621385634442050485122494970811381074130462086036623133625631126842716813845701125360262804988321897416994330560710174320266749550926988074452730160098636998403224187518327729724683824912404343309756199991337240786395937410028508508219991792476487679;
41919;27194879689043244384229089893509760572220419836972132125955040850988161012427047795181577343156115262993059250944835820488295060700419025320446311814591746976751388866805769465411011366532142538710966834224566047766155784913409238928247883509947390497727092755529728;27194879689043244384229089893509760572220419836972132125955040850988161012427047795181577343156115262993059250944835820488295060700419025320446311814591746976751388866805769465411011366532142538710966834224566047766155784913409238928247883509947390497727092755529728;27194879689101896859454126614056410241716585906201130247779646347368457101417380854264540090874454405169468089857715148763175572127131390091276798090074258390084513125868579831993752792917584947694475782758315889703014399180239944702034482081191645293721152112295935;
41920;27252279014075457616541180259455416787498915130518237719699617886294986825305223690131357477934291020575327934874542298044986411353375579779431013217023713729495453350006990245209334577190553482822681262237301634864742108412966843324770680642399011112393450050289664;27252279014075457616541180259455416787498915130518237719699617886294986825305223690131357477934291020575327934874542298044986411353375579779431013217023713729495453350006990245209334577190553482822681262237301634864742108412966843324770680642399011112393450050289664;27252279014134110091766216980002066456995081199747235841524223382675282914295556749214320225652630162751736773787421626319866922780087944550261499492506225142828577609069800611792076003575995891806190210771051476801600722679797549098557279213643265908387509407055871;
41921;107967685307677964587417112632347183257715404453937951093622120640720324581376310777768312402467160831001867528499117135337444716942863250225644842964263127551455939002875803624850648794763637095681366121458834251964099612941636419598862763379602748031341720961548288;107967685307677964587417112632347183257715404453937951093622120640720324581376310777768312402467160831001867528499117135337444716942863250225644842964263127551455939002875803624850648794763637095681366121458834251964099612941636419598862763379602748031341720961548288;107967685307736617062642149352893832927211570523166949215446726137100620670366643836851275150185499973178276367411996463612325228369575614996475329239745638964789063261938613991433390221149079504664875069992584093900958227208467125372649361950847002827335780318314495;
41922;102325125619904284729317507915838951333797306896142411962593121082102351448825386260756750051762079945798357029603445223437129718076169430594140860094460765285826760972957073290445038933855757446922367753663052498331057095184352354840405864021249778541803026075615232;102325125619904284729317507915838951333797306896142411962593121082102351448825386260756750051762079945798357029603445223437129718076169430594140860094460765285826760972957073290445038933855757446922367753663052498331057095184352354840405864021249778541803026075615232;102325125619962937204542544636385601003293472965371410084417726578482647537815719319839712799480419087974765868516324551712010229502881795364971346369943276699159885232019883657027780360241199855905876702196802340267915709451183060614192462592494033337797085432381439;
41923;98000527018873159707049154184593600800341842890370885103521855513965524171380081474525887149377646073888478024098194679245150731617447896153448904862243763912199648936962798783151623230609713638972161915349522469892099596614349177986470751470092778970579396498292736;98000527018873159707049154184593600800341842890370885103521855513965524171380081474525887149377646073888478024098194679245150731617447896153448904862243763912199648936962798783151623230609713638972161915349522469892099596614349177986470751470092778970579396498292736;98000527018931812182274190905140250469838008959599883225346461010345820260370414533608849897095985216064886863011074007520031243044160260924279391137726275325532773196025609149734364656995156047955670863883272311828958210881179883760257350041337033766573455855058943;
41924;125759940557475865237378485455389834926597411989742945103817653717525185274209991945891512113190617449031370470643995804548953352138743015004646428114909019548972267714293561775170875640921438484774997044227427997502359894759815792580081216955408463710776095651397632;125759940557475865237378485455389834926597411989742945103817653717525185274209991945891512113190617449031370470643995804548953352138743015004646428114909019548972267714293561775170875640921438484774997044227427997502359894759815792580081216955408463710776095651397632;125759940557534517712603522175936484596093578058971943225642259213905481363200325004974474860908956591207779309556875132823833863565455379775476914390391530962305391973356372141753617067306880893758505992761177839439218509026646498353867815526652718506770155008163839;
41925;103308400109490253335509462899443165172232243342995922159304275699826515977589106726621906685978429159827373250312396190121489933581264280644672838940171828117796916139626250755932881990418373108134551106728058211945628749803748443932182099045481703835781581259145216;103308400109490253335509462899443165172232243342995922159304275699826515977589106726621906685978429159827373250312396190121489933581264280644672838940171828117796916139626250755932881990418373108134551106728058211945628749803748443932182099045481703835781581259145216;103308400109548905810734499619989814841728409412224920281128881196206812066579439785704869433696768302003782089225275518396370445007976645415503325215654339531130040398689061122515623416803815517118060055261808053882487364070579149705968697616725958631775640615911423;
41926;98706128837430476349602267478184657308861107463360280858545502966851643586075813980418888894500276845336032245318892921133378342288785227959553317314574250357352448788631054163584957983446196824568128537044883116062703049215986861813125027253660085646195076699783168;98706128837430476349602267478184657308861107463360280858545502966851643586075813980418888894500276845336032245318892921133378342288785227959553317314574250357352448788631054163584957983446196824568128537044883116062703049215986861813125027253660085646195076699783168;98706128837489128824827304198731306978357273532589278980370108463231939675066147039501851642218615987512441084231772249408258853715497592730383803590056761770685573047693864530167699409831639233551637485578632957999561663482817567586911625824904340442189136056549375;
41927;126567397400909935435392237236158199769390551373324605018363994655072302785645235621928684207791270404691286780111622023240159408558245683568673849683135759665491953607749568352380407581944653437208915430497664634902505086192899470251680902617291437648822003640041472;126567397400909935435392237236158199769390551373324605018363994655072302785645235621928684207791270404691286780111622023240159408558245683568673849683135759665491953607749568352380407581944653437208915430497664634902505086192899470251680902617291437648822003640041472;126567397400968587910617273956704849438886717442553603140188600151452598874635568681011646955509609546867695619024501351515039919984958048339504335958618271078825077866812378718963149008330095846192424379031414476839363700459730176025467501188535692444816062996807679;
41928;103091955021226503241889474538793918665235868069767063484188287837237583911406256393242328012210464555850432250654389139891123275110705810989579219606988548730741270089884891701635814325535523640699475288696838725861710708014591145181488989414257610957219996899475456;103091955021226503241889474538793918665235868069767063484188287837237583911406256393242328012210464555850432250654389139891123275110705810989579219606988548730741270089884891701635814325535523640699475288696838725861710708014591145181488989414257610957219996899475456;103091955021285155717114511259340568334732034138996061606012893333617880000396589452325290759928803698026841089567268468166003786537418175760409705882471060144074394348947702068218555751920966049682984237230588567798569322281421850955275587985501865753214056256241663;
41929;31024210567888807268106511991305742019778928443767911994036874192923864556367572091654208549333463963084224041560886553067506784800291962119623727691673212035695722856954171203757171811674231086481000135310028010869062292662935540354512859543135832178552771075637248;31024210567888807268106511991305742019778928443767911994036874192923864556367572091654208549333463963084224041560886553067506784800291962119623727691673212035695722856954171203757171811674231086481000135310028010869062292662935540354512859543135832178552771075637248;31024210567947459743331548711852391689275094512996910115861479689304160645357905150737171297051803105260632880473765881342387296227004326890454213967155723449028847116016981570339913238059673495464509083843777852805920906929766246128299458114380086974546830432403455;
41930;110849337447073388273828699917322836968824507679521570003785842035373641574148608413727651002751735342801574983959487579207596807856516086866096891276710350732813358901771241894793181757038369817995664375046947880980580504983458292348507089712061319294079929111543808;110849337447073388273828699917322836968824507679521570003785842035373641574148608413727651002751735342801574983959487579207596807856516086866096891276710350732813358901771241894793181757038369817995664375046947880980580504983458292348507089712061319294079929111543808;110849337447132040749053736637869486638320673748750568125610447531753937663138941472810613750470074484977983822872366907482477319283228451636927377552192862146146483160834052261375923183423812226979173323580697722917439119250288998122293688283305574090073988468310015;
41931;97496537260121684271804055891409981871979747406243060411751923778244110530141597889294567008437976564041104317295255797675625782295005170847841873908240128021668204596792987955773796668920927264406933613689057873761340298688834530155736666991963592695711844909711360;97496537260121684271804055891409981871979747406243060411751923778244110530141597889294567008437976564041104317295255797675625782295005170847841873908240128021668204596792987955773796668920927264406933613689057873761340298688834530155736666991963592695711844909711360;97496537260180336747029092611956631541475913475472058533576529274624406619131930948377529756156315706217513156208135125950506293721717535618672360183722639435001328855855798322356538095306369673390442562222807715698198912955665235929523265563207847491705904266477567;
41932;102203118273764950874346022039495489289391198233759783373262871560442650292685173227101509839281855917360381600114403919294568282580828773927810463312398476249993689195877774848642478791840178507205322313484368386796221110387386164631470626091977774776605189922095104;102203118273764950874346022039495489289391198233759783373262871560442650292685173227101509839281855917360381600114403919294568282580828773927810463312398476249993689195877774848642478791840178507205322313484368386796221110387386164631470626091977774776605189922095104;102203118273823603349571058760042138958887364302988781495087477056822946381675506286184472587000195059536790439027283247569448794007541138698640949587880987663326813454940585215225220218225620916188831262018118228733079724654216870405257224663222029572599249278861311;
41933;103906571558117394667921469472428460482027602500662307510123241394336097843703157033816492818058519331785504722807732580091104344633391482472277112676673101298948682551589544811740792036146292556471742973004845945585623271128450155684323607017977919090383991561256960;103906571558117394667921469472428460482027602500662307510123241394336097843703157033816492818058519331785504722807732580091104344633391482472277112676673101298948682551589544811740792036146292556471742973004845945585623271128450155684323607017977919090383991561256960;103906571558176047143146506192975110151523768569891305631947846890716393932693490092899455565776858473961913561720611908365984856060103847243107598952155612712281806810652355178323533462531734965455251921538595787522481885395280861458110205589222173886378050918023167;
41934;128603727365862941579597785183053879930198072514219959179312909325215399933513023017956851960146122208861067287617526415651704677947192637296328531725100954026158555983639340968604120634079215717132772025681700412041911255531408434515789430169820581165177526376464384;128603727365862941579597785183053879930198072514219959179312909325215399933513023017956851960146122208861067287617526415651704677947192637296328531725100954026158555983639340968604120634079215717132772025681700412041911255531408434515789430169820581165177526376464384;128603727365921594054822821903600529599694238583448957301137514821595696022503356077039814707864461351037476126530405743926585189373905002067159018000583465439491680242702151335186862060464658126116280974215450253978769869798239140289576028741064835961171585733230591;
41935;100516060479985380267517977462824579299781499654700229619781212917563087082650613843371934784085497838999056446121501866590236576309729173298418724834406224810543047742926444708703204691329142092929602193333269502407962119583120890918228080564679878201937792566558720;100516060479985380267517977462824579299781499654700229619781212917563087082650613843371934784085497838999056446121501866590236576309729173298418724834406224810543047742926444708703204691329142092929602193333269502407962119583120890918228080564679878201937792566558720;100516060480044032742743014183371228969277665723929227741605818413943383171640946902454897531803836981175465285034381194865117087736441538069249211109888736223876172001989255075285946117714584501913111141867019344344820733849951596692014679135924132997931851923324927;
41936;124054418511229124531838579178252885992023041800235520079524201838903289499882235296044089528712235128892763785378712458570900287804631028317734858115151298354384379520543471682779721163363456828943698205015827533299531543710268277813777221442730573808507986928205824;124054418511229124531838579178252885992023041800235520079524201838903289499882235296044089528712235128892763785378712458570900287804631028317734858115151298354384379520543471682779721163363456828943698205015827533299531543710268277813777221442730573808507986928205824;124054418511287777007063615898799535661519207869464518201348807335283585588872568355127052276430574271069172624291591786845780799231343393088565344390633809767717503779606282049362462589748899237927207153549577375236390157977098983587563820013974828604502046284972031;
41937;29611129593549793775631041865912482592964236748644399779761088578571776143574593893085121274028196081767280389940019394383483036588094227531332137178853952450732774200400860072618369504994020676714607796924811557942397995193917614047376248976143707010295375029338112;29611129593549793775631041865912482592964236748644399779761088578571776143574593893085121274028196081767280389940019394383483036588094227531332137178853952450732774200400860072618369504994020676714607796924811557942397995193917614047376248976143707010295375029338112;29611129593608446250856078586459132262460402817873397901585694074952072232564926952168084021746535223943689228852898722658363548014806592302162623454336463864065898459463670439201110931379463085698116745458561399879256609460748319821162847547387961806289434386104319;
41938;27208768935243584434417442264721236436184715981951309046560562977817795846768969936859291322953835214866077092754672863351345800756442625745639995764870205306751916407787068081913874311774524744108642395476797717530786815125073981884617039119828090926965481340403712;27208768935243584434417442264721236436184715981951309046560562977817795846768969936859291322953835214866077092754672863351345800756442625745639995764870205306751916407787068081913874311774524744108642395476797717530786815125073981884617039119828090926965481340403712;27208768935302236909642478985267886105680882051180307168385168474198091935759302995942254070672174357042485931667552191626226312183154990516470482040352716720085040666849878448496615738159967153092151344010547559467645429391904687658403637691072345722959540697169919;
41939;27091997180486492698591893027771672603374556083726052548111455933071671666743899594016986502777827431809571760912978649805739593765370457687749650884624851847981862026715321684757800071012282588817133280383666089687074966017982304548529251092057712760459300026974208;27091997180486492698591893027771672603374556083726052548111455933071671666743899594016986502777827431809571760912978649805739593765370457687749650884624851847981862026715321684757800071012282588817133280383666089687074966017982304548529251092057712760459300026974208;27091997180545145173816929748318322272870722152955050669936061429451967755734232653099949250496166573985980599825857978080620105192082822458580137160107363261314986285778132051340541497397724997800642228917415931623933580284813010322315849663301967556453359383740415;
41940;124209545763061578646859614392133246679202949790496234868850711852565219350542960907833418727220873684637179552363555715677964223472341837452010139480847092103399085820249704949388064813634830781413245706390596945166927611649578942291385832231409377636652860462596096;124209545763061578646859614392133246679202949790496234868850711852565219350542960907833418727220873684637179552363555715677964223472341837452010139480847092103399085820249704949388064813634830781413245706390596945166927611649578942291385832231409377636652860462596096;124209545763120231122084651112679896348699115859725232990675317348945515439533293966916381474939212826813588391276435043952844734899054202222840625756329603516732210079312515315970806240020273190396754654924346787103786225916409648065172430802653632432646919819362303;
41941;28313208263060502001987079227423153243660097724421319860286734510159488346527346830871549120284833939325344384565196799185527027530802191171294399028285317777782640222991751025345399329485904584180008249822220521117126920217265752099878738243519168939947243375427584;28313208263060502001987079227423153243660097724421319860286734510159488346527346830871549120284833939325344384565196799185527027530802191171294399028285317777782640222991751025345399329485904584180008249822220521117126920217265752099878738243519168939947243375427584;28313208263119154477212115947969802913156263793650317982111340006539784435517679889954511868003173081501753223478076127460407538957514555942124885303767829191115764482054561391928140755871346993163517198355970363053985534484096457873665336814763423735941302732193791;
41942;111790571695132437967192745045401959013729893078243875176330020077302394392802331494655577066752857769500242882193225742226884547284058025347763475882914754462616386873727769921484116358196421235979522125501620441378595370352538129955491111362045198701475427931652096;111790571695132437967192745045401959013729893078243875176330020077302394392802331494655577066752857769500242882193225742226884547284058025347763475882914754462616386873727769921484116358196421235979522125501620441378595370352538129955491111362045198701475427931652096;111790571695191090442417781765948608683226059147472873298154625573682690481792664553738539814471196911676651721106105070501765058710770390118593962158397265875949511132790580288066857784581863644963031074035370283315453984619368835729277709933289453497469487288418303;
41943;24373843859131246045936581341281712777073079916590022791460627138998712087934111984040306318137810881346347034773638003688084268366517150941228473051552610814117690058544266491051718428815502325524620282742204472601049628292487945904479630583169725095888806932905984;24373843859131246045936581341281712777073079916590022791460627138998712087934111984040306318137810881346347034773638003688084268366517150941228473051552610814117690058544266491051718428815502325524620282742204472601049628292487945904479630583169725095888806932905984;24373843859189898521161618061828362446569245985819020913285232635379008176924445043123269065856150023522755873686517331962964779793229515712058959327035122227450814317607076857634459855200944734508129231275954314537908242559318651678266229154413979891882866289672191;
41944;128603727365335069302572454698134032904732577891158976082891459857792735132600025486210187230681069929273387737401612461177780075106781354358854155245758351306160437652074047669359447796610234036281191488877951834610183727129932082551710043028622288001230992165568512;128603727365335069302572454698134032904732577891158976082891459857792735132600025486210187230681069929273387737401612461177780075106781354358854155245758351306160437652074047669359447796610234036281191488877951834610183727129932082551710043028622288001230992165568512;128603727365393721777797491418680682574228743960387974204716065354173031221590358545293149978399409071449796576314491789452660586533493719129684641521240862719493561911136858035942189222995676445264700437411701676547042341396762788325496641599866542797225051522334719;
41945;104304774666779360611583903074945187171287262619230761595905670643275280081941165558037224664181912854400011456495673830131892134573700478823853594192410614546228903024681887032210202216554270015496947702988310610835634330528879347716909028260989207335309679259549696;104304774666779360611583903074945187171287262619230761595905670643275280081941165558037224664181912854400011456495673830131892134573700478823853594192410614546228903024681887032210202216554270015496947702988310610835634330528879347716909028260989207335309679259549696;104304774666838013086808939795491836840783428688459759717730276139655576170931498617120187411900251996576420295408553158406772646000412843594684080467893125959562027283744697398792943642939712424480456651522060452772492944795710053490695626832233462131303738616315903;
41946;103673130954488298473646643536467763178768077119874532027217637527092575200985843524438680499168130559333184383731561087406951120348662297986327729533422110174587348008359842170426719666099254630305945103983760592210647955921208321146914476149965243926501193959866368;103673130954488298473646643536467763178768077119874532027217637527092575200985843524438680499168130559333184383731561087406951120348662297986327729533422110174587348008359842170426719666099254630305945103983760592210647955921208321146914476149965243926501193959866368;103673130954546950948871680257014412848264243189103530149042243023472871289976176583521643246886469701509593222644440415681831631775374662757158215808904621587920472267422652537009461092484697039289454052517510434147506570188039026920701074721209498722495253316632575;
41947;111971779809571523073330646283095882424143720028907613897105241094921461013857102619566643576954853307961122495455829634447140151570359443633140316325098900416384615173123146109261046804818126857143696357742062683024958362654761434307689958207690510425320375820746752;111971779809571523073330646283095882424143720028907613897105241094921461013857102619566643576954853307961122495455829634447140151570359443633140316325098900416384615173123146109261046804818126857143696357742062683024958362654761434307689958207690510425320375820746752;111971779809630175548555683003642532093639886098136612018929846591301757102847435678649606324673192450137531334368708962722020662997071808403970802600581411829717739432185956475843788231203569266127205306275812524961816976921592140081476556778934765221314435177512959;
41948;31339039465606009147738802682391776274157689277475640317663994111629845106543827731707839811811079327121858692358688784489527002119038888091884694508097678587710838558569492682267867932773677057711593500586986607723577041396267500621906488848461172147213275001520128;31339039465606009147738802682391776274157689277475640317663994111629845106543827731707839811811079327121858692358688784489527002119038888091884694508097678587710838558569492682267867932773677057711593500586986607723577041396267500621906488848461172147213275001520128;31339039465664661622963839402938425943653855346704638439488599608010141195534160790790802559529418469298267531271568112764407513545751252862715180783580190001043962817632303048850609359159119466695102449120736449660435655663098206395693087419705426943207334358286335;
41949;111677770248127215058932193658878654866690437713056029009987300263934410512487684497354028138664491116798091096307064360876813710692480272379119563826449102851175131681701519950668532463891271442195330744740116792116229895392988548083882882273244360100501916527624192;111677770248127215058932193658878654866690437713056029009987300263934410512487684497354028138664491116798091096307064360876813710692480272379119563826449102851175131681701519950668532463891271442195330744740116792116229895392988548083882882273244360100501916527624192;111677770248185867534157230379425304536186603782285027131811905760314706601478017556436990886382830258974499935219943689151694222119192637149950050101931614264508255940764330317251273890276713851178839693273866634053088509659819253857669480844488614896495975884390399;
41950;98410401528217159612673718472881454553262908063910585856506153955463048235206332454501227174827047798382455374479977928110081193296195975836962806663993580835275200893791804713097830062482300096999164610607112847088410080161224603426500143663291252008258365711974400;98410401528217159612673718472881454553262908063910585856506153955463048235206332454501227174827047798382455374479977928110081193296195975836962806663993580835275200893791804713097830062482300096999164610607112847088410080161224603426500143663291252008258365711974400;98410401528275812087898755193428104222759074133139583978330759451843344324196665513584189922545386940558864213392857256384961704722908340607793292939476092248608325152854615079680571488867742505982673559140862689025268694428055309200286742234535506804252425068740607;
41951;127969721830772709744094468629766612084725223903258254163229772750176360845746571277464314906214692339850553921380577209402669850373724013687700690155989392686870621958199671482112669272322090038987460711207050248041504543649859284196453734422154126110689793444675584;127969721830772709744094468629766612084725223903258254163229772750176360845746571277464314906214692339850553921380577209402669850373724013687700690155989392686870621958199671482112669272322090038987460711207050248041504543649859284196453734422154126110689793444675584;127969721830831362219319505350313261754221389972487252285054378246556656934736904336547277653933031482026962760293456537677550361800436378458531176431471904100203746217262481848695410698707532447970969659740800089978363157916689989970240332993398380906683852801441791;
41952;97787258932489395474854271627319703830565667189983756282308192800213914896416703042470954792361302175046500414741879388331721591228592665949737605104761295386979996003706599921967485392932535404272233193616568881159644867990038745073897280901023109331904700641968128;97787258932489395474854271627319703830565667189983756282308192800213914896416703042470954792361302175046500414741879388331721591228592665949737605104761295386979996003706599921967485392932535404272233193616568881159644867990038745073897280901023109331904700641968128;97787258932548047950079308347866353500061833259212754404132798296594210985407036101553917540079641317222909253654758716606602102655305030720568091380243806800313120262769410288550226819317977813255742142150318723096503482256869450847683879472267364127898759998734335;
41953;27549677323451411890657558511298465220488372232879999336815411579834207327487686903204139774298915486711798061931230067331873370184718712060606593019911020548411637593705816644940228368184586623825520493075626873293846329983787710062913928794023241306301467432321024;27549677323451411890657558511298465220488372232879999336815411579834207327487686903204139774298915486711798061931230067331873370184718712060606593019911020548411637593705816644940228368184586623825520493075626873293846329983787710062913928794023241306301467432321024;27549677323510064365882595231845114889984538302108997458640017076214503416478019962287102522017254628888206900844109395606753881611431076831437079295393531961744761852768627011522969794570029032809029441609376715230704944250618415836700527365267496102295526789087231;
41954;124566464350447987411027806202681234859839246563781734886800641683290356690921335006227999460094310501004984806811859454277825435262009019051200771577675456514650416800113430778510012165070582722761405022757130402629929086596343860311229133804873622203518329638879232;124566464350447987411027806202681234859839246563781734886800641683290356690921335006227999460094310501004984806811859454277825435262009019051200771577675456514650416800113430778510012165070582722761405022757130402629929086596343860311229133804873622203518329638879232;124566464350506639886252842923227884529335412633010733008625247179670652779911668065310962207812649643181393645724738782552705946688721383822031257853157967927983541059176241145092753591456025131744913971290880244566787700863174566085015732376117876999512388995645439;
41955;100688027762052067820749296787795141904806338724574821548009076611680722052480828296565657210257573159148882421591943302010037366087947275560974861993643486371110134424602866844447827999897955217181702510351923214601773120480060836956350681205430295087787703822974976;100688027762052067820749296787795141904806338724574821548009076611680722052480828296565657210257573159148882421591943302010037366087947275560974861993643486371110134424602866844447827999897955217181702510351923214601773120480060836956350681205430295087787703822974976;100688027762110720295974333508341791574302504793803819669833682108061018141471161355648619957975912301325291260504822630284917877514659640331805348269125997784443258683665677211030569426283397626165211458885673056538631734746891542730137279776674549883781763179741183;
41956;109494507275046094220774576930975050864353945420019073261540794523769664917072089918611714990885195922219906287814192340900334253085021062509281166418256669852061170778175443806461469409278336507321294978733562388882298206157018230065142959063754088382216593777623040;109494507275046094220774576930975050864353945420019073261540794523769664917072089918611714990885195922219906287814192340900334253085021062509281166418256669852061170778175443806461469409278336507321294978733562388882298206157018230065142959063754088382216593777623040;109494507275104746695999613651521700533850111489248071383365400020149961006062422977694677738603535064396315126727071669175214764511733427280111652693739181265394295037238254173044210835663778916304803927267312230819156820423848935838929557634998343178210653134389247;
41957;127280425644087640345105934536171516169517804523852293039260290566540099865300095964230190960034578110775914675346784060094473766525265544637681376781882948598201704053481301736087855567081674076547066651834479386221480920201747470629709023562996100087565805787545600;127280425644087640345105934536171516169517804523852293039260290566540099865300095964230190960034578110775914675346784060094473766525265544637681376781882948598201704053481301736087855567081674076547066651834479386221480920201747470629709023562996100087565805787545600;127280425644146292820330971256718165839013970593081291161084896062920395954290429023313153707752917252952323514259663388369354277951977909408511863057365460011534828312544112102670596993467116485530575600368229228158339534468578176403495622134240354883559865144311807;
41958;112716290790200470011587209392568610568165567475097952371863774898630913040634634087419257630919170318315759199023156364578968356097242687452601082677406395578172176402897889625440080079071155963432167573458233784007564420577599736188660952562598001664358078838996992;112716290790200470011587209392568610568165567475097952371863774898630913040634634087419257630919170318315759199023156364578968356097242687452601082677406395578172176402897889625440080079071155963432167573458233784007564420577599736188660952562598001664358078838996992;112716290790259122486812246113115260237661733544326950493688380395011209129624967146502220378637509460492168037936035692853848867523955052223431568952888906991505300661960699992022821505456598372415676521991983625944423034844430441962447551133842256460352138195763199;
41959;105243401922757268271463794414556532295696127409641426449867894208145948164915801198047924506945898626386845541539368696018265525886561865664380637899861352208989568891115732477800409786421060576665830362019842172934259235468533343057566352438222931661110688924827648;105243401922757268271463794414556532295696127409641426449867894208145948164915801198047924506945898626386845541539368696018265525886561865664380637899861352208989568891115732477800409786421060576665830362019842172934259235468533343057566352438222931661110688924827648;105243401922815920746688831135103181965192293478870424571692499704526244253906134257130887254664237768563254380452248024293146037313274230435211124175343863622322693150178542844383151212806502985649339310553592014871117849735364048831352951009467186457104748281593855;
41960;104317997067650997922080497309911503900866752377635725948393270747581273375910491972396221831949719793974810362858483941712151645414902926451811246461985958026618465559471428097692192868537798026782877295707630418291744399175737016558311125160576179434287350702669824;104317997067650997922080497309911503900866752377635725948393270747581273375910491972396221831949719793974810362858483941712151645414902926451811246461985958026618465559471428097692192868537798026782877295707630418291744399175737016558311125160576179434287350702669824;104317997067709650397305534030458153570362918446864724070217876243961569464900825031479184579668058936151219201771363269987032156841615291222641732737468469439951589818534238464274934294923240435766386244241380260228603013442567722332097723731820434230281410059436031;
41961;103016695827982118876077285262261597739764573169232433901495551838096538154271204444559675730685803934842233283751871890466065589677380798906408937395202269161788098818118931728665575249977210796041821321268590392728691738476905166415522333006238553411612547557097472;103016695827982118876077285262261597739764573169232433901495551838096538154271204444559675730685803934842233283751871890466065589677380798906408937395202269161788098818118931728665575249977210796041821321268590392728691738476905166415522333006238553411612547557097472;103016695828040771351302321982808247409260739238461432023320157334476834243261537503642638478404143077018642122664751218740946101104093163677239423670684780575121223077181742095248316676362653205025330269802340234665550352743735872189308931577482808207606606913863679;
41962;124364747277901496367799479908132588945539910284415892247900280267261112578377443590154659743989396326962211378248532197569212625280844327918974581854816411827693777274490018053801650670968666430688506060728984236379353470087497203992135219647030893731034481601544192;124364747277901496367799479908132588945539910284415892247900280267261112578377443590154659743989396326962211378248532197569212625280844327918974581854816411827693777274490018053801650670968666430688506060728984236379353470087497203992135219647030893731034481601544192;124364747277960148843024516628679238615036076353644890369724885763641408667367776649237622491707735469138620217161411525844093136707556692689805068130298923241026901533552828420384392097354108839672015009262734078316212084354327909765921818218275148527028540958310399;
41963;30208497550071027334550862334652116685551681876782289251314830328138469461064988758840238839095104909406558868115693884701199606759328138819690348344036669669368538842464643103912457245301908421297028220299438194180111120780421656880797370510850130854969454981283840;30208497550071027334550862334652116685551681876782289251314830328138469461064988758840238839095104909406558868115693884701199606759328138819690348344036669669368538842464643103912457245301908421297028220299438194180111120780421656880797370510850130854969454981283840;30208497550129679809775899055198766355047847946011287373139435824518765550055321817923201586813444051582967707028573212976080118186040503590520834619519181082701663101527453470495198671687350830280537168833188036116969735047252362654583969082094385650963514338050047;
41964;105244641285454088135091418096622584016392570508102430920664973649247520364538056359680414616643641157115284096427965825451584951302136753587639183961322066084455612620601570152777687132413636418655824998834871260811189299581925387442775069143546221283683485240786944;105244641285454088135091418096622584016392570508102430920664973649247520364538056359680414616643641157115284096427965825451584951302136753587639183961322066084455612620601570152777687132413636418655824998834871260811189299581925387442775069143546221283683485240786944;105244641285512740610316454817169233685888736577331429042489579145627816453528389418763377364361980299291692935340845153726465462728849118358469670236804577497788736879664380519360428558799078827639333947368621102748047913848756093216561667714790476079677544597553151;
41965;121926319388428779973254699703816779272530559481542264727919967677798312795193235301132406266325100836522179552646972963002004074170352322523534590391186660503317616274999287270171644926820849049517329533320161955815305776336571921830915753249090120337988991827574784;121926319388428779973254699703816779272530559481542264727919967677798312795193235301132406266325100836522179552646972963002004074170352322523534590391186660503317616274999287270171644926820849049517329533320161955815305776336571921830915753249090120337988991827574784;121926319388487432448479736424363428942026725550771262849744573174178608884183568360215369014043439978698588391559852291276884585597064687294365076666669171916650740534062097636754386353206291458500838481853911797752164390603402627604702351820334375133983051184340991;
41966;123958323531979992211768870600938801805394326347802502009640166437821899376140262362705233589886167397210591221777870950031033578753902269627313053484956854977262755023725594227648114820069087504100601761298147040916910403094451203041002121928887987329177234945605632;123958323531979992211768870600938801805394326347802502009640166437821899376140262362705233589886167397210591221777870950031033578753902269627313053484956854977262755023725594227648114820069087504100601761298147040916910403094451203041002121928887987329177234945605632;123958323532038644686993907321485451474890492417031500131464771934202195465130595421788196337604506539387000060690750278305914090180614634398143539760439366390595879282788404594230856246454529913084110709831896882853769017361281908814788720500132242125171294302371839;
41967;112126423708173874392713794893996064961128259991745313889098851476303200288478250366923871121861329485932731230195618777780832404868077146625764420854195269701707236883545492367839532242145782390857154631215675543094798521019542202413857500801167425886121979094761472;112126423708173874392713794893996064961128259991745313889098851476303200288478250366923871121861329485932731230195618777780832404868077146625764420854195269701707236883545492367839532242145782390857154631215675543094798521019542202413857500801167425886121979094761472;112126423708232526867938831614542714630624426060974312010923456972683496377468583426006833869579668628109140069108498106055712916294789511396594907129677781115040361142608302734422273668531224799840663579749425385031657135286372908187644099372411680682116038451527679;
41968;27133778040532862546403877009864116374368682618158197137284542588359417422401726734061658614479346088393197906055191677015506705550140910909787096417195314274747544097317365769921439997106690656164455397049258985895121907830773379738062915292329968298616258134278144;27133778040532862546403877009864116374368682618158197137284542588359417422401726734061658614479346088393197906055191677015506705550140910909787096417195314274747544097317365769921439997106690656164455397049258985895121907830773379738062915292329968298616258134278144;27133778040591515021628913730410766043864848687387195259109148084739713511392059793144621362197685230569606744968071005290387216976853275680617582692677825688080668356380176136504181423492133065147964345583008827831980522097604085511849513863574223094610317491044351;
41969;121926319248777236462442268082243916202159148647297736663534280796313324909210221624598103948959603314492734101081292340511506367168211803176146768467326985357148755446447804436664308703082473259782523074461788304154945207012661474445024555116519451076133663367233536;121926319248777236462442268082243916202159148647297736663534280796313324909210221624598103948959603314492734101081292340511506367168211803176146768467326985357148755446447804436664308703082473259782523074461788304154945207012661474445024555116519451076133663367233536;121926319248835888937667304802790565871655314716526734785358886292693620998200554683681066696677942456669142939994171668786386878594924167946977254742809496770481879705510614803247050129467915668766032022995538146091803821279492180218811153687763705872127722723999743;
41970;125753592061124664670251296458496451872654747377754126604644508033272999795054962974361267484014487261375008770496657968920220772839676152313712570495846598392335083220153853141782212153166857161811461222207304231886454309566563513691661180095380706277181859634872320;125753592061124664670251296458496451872654747377754126604644508033272999795054962974361267484014487261375008770496657968920220772839676152313712570495846598392335083220153853141782212153166857161811461222207304231886454309566563513691661180095380706277181859634872320;125753592061183317145476333179043101542150913446983124726469113529653295884045296033444230231732826403551417609409537297195101284266388517084543056771329109805668207479216663508364953579552299570794970170741054073823312923833394219465447778666624961073175918991638527;
41971;31110444022717679025623058354996334782736729512085645754373098924690831447654586654845406666860642227214011543188682207349286061527680229874656056893553739525485951700961938815567572869975828389590824211821129173913025363790051340729940774818423234438971252472283136;31110444022717679025623058354996334782736729512085645754373098924690831447654586654845406666860642227214011543188682207349286061527680229874656056893553739525485951700961938815567572869975828389590824211821129173913025363790051340729940774818423234438971252472283136;31110444022776331500848095075542984452232895581314643876197704421071127536644919713928369414578981369390420382101561535624166572954392594645486543169036250938819075960024749182150314296361270798574333160354879015849883978056882046503727373389667489234965311829049343;
41972;126586139339943257481730287096138838473343857452411369452597465123449898653396344571114876602923241181355462164878081713527519339282811315542805290350754458884113153421397481932568282826564944153887281327626075913677945286137994651754695395681103522294809703856734208;126586139339943257481730287096138838473343857452411369452597465123449898653396344571114876602923241181355462164878081713527519339282811315542805290350754458884113153421397481932568282826564944153887281327626075913677945286137994651754695395681103522294809703856734208;126586139340001909956955323816685488142840023521640367574422070619830194742386677630197839350641580323531871003790961041802399850709523680313635776626236970297446277680460292299151024252950386562870790276159825755614803900404825357528481994252347777090803763213500415;
41973;106510203007330220617309913877845027802155978053706115935918243426883658461974753223703069946482140305045353496255185033660132518759929896511547117075667822934047657225149112973756044561325796434142983607836194801621694579813348398483295610624399457304041203892748288;106510203007330220617309913877845027802155978053706115935918243426883658461974753223703069946482140305045353496255185033660132518759929896511547117075667822934047657225149112973756044561325796434142983607836194801621694579813348398483295610624399457304041203892748288;106510203007388873092534950598391677471652144122935114057742848923263954550965086282786032694200479447221762335168064361935013030186642261282377603351150334347380781484211923340338785987711238843126492556369944643558553194080179104257082209195643712100035263249514495;
41974;103906571556005905559820147532749072380165624008418375124437443524645438640051166906829833900198310213434786521944076762195405933271746350722379606759302690418956209225328371614762100686270365833065420825789851635858713157522544747828006058453184746434597854717673472;103906571556005905559820147532749072380165624008418375124437443524645438640051166906829833900198310213434786521944076762195405933271746350722379606759302690418956209225328371614762100686270365833065420825789851635858713157522544747828006058453184746434597854717673472;103906571556064558035045184253295722049661790077647373246262049021025734729041499965912796647916649355611195360856956090470286444698458715493210093034785201832289333484391181981344842112655808242048929774323601477795571771789375453601792657024429001230591914074439679;
41975;25068739145122203339477405061421407503988567644966069125338131616266553605111686925741501455235024971277806657413816354719042924593752599558766486442714414410745675799378312375203445757153388579509993501644456683460918510621928121273213053298275552871635327016501248;25068739145122203339477405061421407503988567644966069125338131616266553605111686925741501455235024971277806657413816354719042924593752599558766486442714414410745675799378312375203445757153388579509993501644456683460918510621928121273213053298275552871635327016501248;25068739145180855814702441781968057173484733714195067247162737112646849694102019984824464202953364113454215496326695682993923436020464964329596972718196925824078800058441122741786187183538830988493502450178206525397777124888758827046999651869519807667629386373267455;
41976;29511143104331030732854251525056967065297677776051700958692282486118625473886750743085223852483487817537159727461923179093886890971857356614229935939005766465397549369317868740187637439170313656147771307241900156484080925212013647117917501471078100308361928478031872;29511143104331030732854251525056967065297677776051700958692282486118625473886750743085223852483487817537159727461923179093886890971857356614229935939005766465397549369317868740187637439170313656147771307241900156484080925212013647117917501471078100308361928478031872;29511143104389683208079288245603616734793843845280699080516887982498921562877083802168186600201826959713568566374802507368767402398569721385060422214488277878730673628380679106770378865555756065131280255775649998420939539478844352891704100042322355104355987834798079;
41977;97496241531584933301082333818083847736338889543949909025082715995489505088312047814221321999721183428384090150816765421217628261496349499307008036138016065982497169730972590544113114228179039190063505865899769661595852067729279926757770320610802215236714239920963584;97496241531584933301082333818083847736338889543949909025082715995489505088312047814221321999721183428384090150816765421217628261496349499307008036138016065982497169730972590544113114228179039190063505865899769661595852067729279926757770320610802215236714239920963584;97496241531643585776307370538630497405835055613178907146907321491869801177302380873304284747439522570560498989729644749492508772923061864077838522413498577395830293990035400910695855654564481599047014814433519503532710681996110632531556919182046470032708299277729791;
41978;101820106559070121762082404136314849381226578162732000924258093634805799591347434895410941908253719893776625105017762641867531985203398484356194178542085140371041272110174770714457756036962837173573326270890214366923140602642485661768983052717915141588275671722885120;101820106559070121762082404136314849381226578162732000924258093634805799591347434895410941908253719893776625105017762641867531985203398484356194178542085140371041272110174770714457756036962837173573326270890214366923140602642485661768983052717915141588275671722885120;101820106559128774237307440856861499050722744231960999046082699131186095680337767954493904655972059035953033943930641970142412496630110849127024664817567651784374396369237581081040497463348279582556835219423964208859999216909316367542769651289159396384269731079651327;
41979;27051721279844333950889624768003456075842155150697948252699973570228826103783769704810850428531638444216539429076141832747751626118115021329937854175738236643262028918535836301565435806396359294833558562347343061461245949005507180883953651811032504295789094936510464;27051721279844333950889624768003456075842155150697948252699973570228826103783769704810850428531638444216539429076141832747751626118115021329937854175738236643262028918535836301565435806396359294833558562347343061461245949005507180883953651811032504295789094936510464;27051721279902986426114661488550105745338321219926946374524579066609122192774102763893813176249977586392948267989021161022632137544827386100768340451220748056595153177598646668148177232781801703817067510881092903398104563272337886657740250382276759091783154293276671;
41980;105049649476395602707097827443928906737434292609769532057581571449443526802417819383682055526947577753891982648123481648085447232798576969128474880651224010224434708804388701315796231246563179404632846026895245339531016008274454904234861863561393627999759178802397184;105049649476395602707097827443928906737434292609769532057581571449443526802417819383682055526947577753891982648123481648085447232798576969128474880651224010224434708804388701315796231246563179404632846026895245339531016008274454904234861863561393627999759178802397184;105049649476454255182322864164475556406930458678998530179406176945823822891408152442765018274665916896068391487036360976360327744225289333899305366926706521637767833063451511682378972672948621813616354975428995181467874622541285610008648462132637882795753238159163391;
41981;125383194165758041849194714241059105974661498896108367213845163973285309441435855749664569118432926370845369649992766274668930244630556651765460841203215688109805861664170915919657560543096328820588380620481292500213192993322400229270391157529730777864294704655368192;125383194165758041849194714241059105974661498896108367213845163973285309441435855749664569118432926370845369649992766274668930244630556651765460841203215688109805861664170915919657560543096328820588380620481292500213192993322400229270391157529730777864294704655368192;125383194165816694324419750961605755644157664965337365335669769469665605530426188808747531866151265513021778488905645602943810756057269016536291327478698199523138985923233726286240301969481771229571889569015042342150051607589230935044177756100975032660288764012134399;
41982;28411636050491792371882667759062027233338187603065922328946685490565838316190450897511617405993323423791907946102608455433931403870370004812054020951479290599310300724455439388576980148733411376886190093901942940097852582425613833450907568287331981151716222384996352;28411636050491792371882667759062027233338187603065922328946685490565838316190450897511617405993323423791907946102608455433931403870370004812054020951479290599310300724455439388576980148733411376886190093901942940097852582425613833450907568287331981151716222384996352;28411636050550444847107704479608676902834353672294920450771290986946134405180783956594580153711662565968316785015487783708811915297082369582884507226961802012643424983518249755159721575118853785869699042435692782034711196692444539224694166858576235947710281741762559;
41983;127282993450450084531557091107995102701463473238518742338910113367781130159462410077735666558890826706742470793857606909557703928109042704430940267814761366804926586295398070387641614484299493051033526344988222369280679211036645846069530272749117051538104039438811136;127282993450450084531557091107995102701463473238518742338910113367781130159462410077735666558890826706742470793857606909557703928109042704430940267814761366804926586295398070387641614484299493051033526344988222369280679211036645846069530272749117051538104039438811136;127282993450508737006782127828541752370959639307747740460734718864161426248452743136818629306609165848918879632770486237832584439535755069201770754090243878218259710554460880754224355910684935460017035293521972211217537825303476551843316871320361306334098098795577343;
