0;121869182315200218026650559722844040089419225925069757438267168504468849681747338155162803734441279891632052358384499991542766934127378150341808557482220739122560078167315509867029352208993984424873701333976027950487210655173661904990272727551767830994181389868335104;121869182315200218038937009443341328963437528029192567137334614763868760804707480783531499007633135214586089520556023370257965643363777535214473190420128961998044339257143271107359965984844742125312025542807645747921208738150408424892950474417297349951367562329336130;
1;127915034911792141053508246796850178244160388864239017800835527947613622406524419751341852793901707185033001043484785107603317992203441801957906386124196947914052159548830892136881502864819838533486203353205522565535211014523292105070171909567378509077520282795638784;127915034911792141065794036383918612012515055594002372143601709102166172956158564522833269081994854343424943598540348730246766522322571608214824156972367179074477823851538656460838914097494765017597299799953915683473841829312647771768300902893277282016735351893548368;
2;127915034911792140881095285825203972261953363185602231229923064024012926854547115899512158898585859992993620821775693165895033943713175692984195842717997718156931319089471238440548085464834346490742974766371766106621895901606114523697653657568576322543626958575501312;127915034911792140892827251299268117828577730139376137497406896377421426791786351502349149729953419545742637263078385049752918793550200780341917753851383735278100936026623695459320546066626468890579662823390754828256716362599531319419880654783599579398169321913027576;
3;104564834316808055074881550822371334024820037188977503280909791167275327312588866902894915436717185156956120905125105984210559097465360831517383327410887322924706724768103137111782471970912902718622434896579583341159670088918283845125833548022206511642485270283026432;104564834316808055086574139403785614024413162620993589972150131632959287265973552394879091181165492152323129066104223446171592429415568956778475931631815504486612655187831840758699007938120554605640357944596208893959565173377705703202780367918401531622262959361030158;
4;97495345986812410950893655136749664731389064578405455065170378268675507077470891973142219971798426959043059884299288714893262984569964040875186647451905672395259315206689201533657926018415840869138619198629109990452892010982208885472738381592124791251872652762021888;97495345986812410962547255897631784146514023065230242268480463267169586214380403993036992003121331543608044971237449983722781063683521855448153687783779390040888089387283402375339732975170218400890841431504509761100110773456069503119449903041098045434048373105459201;
5;127915034911792140868921331921757858378319738696530904802903071024690348971513317092314143461659275711990009281070597895879630568416919544406662016822815947759325357985905326113582336811344172145135904306285340146900911433886432045013314225271818574863830504980873216;127915034911792140880508160647865462631706787849683842677141809134558219743204131343974826844662431884585346067861301669747898942496431196834101444684365221098695354910570887671014355152109496704762970282777339048108558166442515752081247718645719033130016503345077584;
6;98518981720216132022798557268221375846090414334505264725030002348949433379304360434429888552751354432832315075676262611992833336065013516735558482401241588716167516975581788495784209173328254452396543312528830107302015602091023738752262554806083169331132816737435648;98518981720216132034340936914588432246699523657001956678770113992290470084264347495262796789192775516609879810890181276143198653584947404246962016486064422833747445808114060041476037700047555640570607529535244438542390631941119138732670885321936771181616280590529167;
7;104564834316808055049656244342227514000831577273674525087598361792094206104081442030608937612211781726233263760776547728053384394141077168351656311043217797507659598357097170765636359829154108561009045331758324722350015961440653938832161736821693847426524006372605952;104564834316808055061198458955237356625024777752581353202263157159223402665709929627222526102378525768870304844211476453185812166881693661209123129605606133696474877992849443082234887720079451945101302608243932883716549174243901625511432878952373029291775615661811038;
8;24373838684743178777332308975624705169602919382617462298752967685505355473624207555520430958857286746579571769843894705042387937524987152991938845846166714874692541941548621841334009169136540888864537354132354613972617626679244525740964584304408329141205681154555904;24373838684743178788673342745430768002727839239818920654272045577256645056114050004480327569027665776150465639134463425642106932077965980769800563511155874255127724073900203038223502725936681661784688343352266936971709960417573467544853833912756540217507393045693330;
9;127915034911792140909062965433089676563143581870831565693518512434335829715329782032339286584389430580085121253779707175258950041718876563215219380962719478105757615775884351820915286271630482049487902429167136587241585217579575648517157706771510510929153743130722304;127915034911792140920402900213887605875590796800083077169821967473686237795171699597809655977394162397946114250125730868888717043493919596881664360643658685123100422233635197465899339863525693992031708203489810872680565749030834025416129613946881308096261722551508304;
10;121869305318355971394056273498147977001846085592515069780957090567708963707758466196539612269318501325017189343519075849986303575078830628669531373104693842027118120019082166860656326649750138770685728749077750699664708577442006240088467333836448263368011125155168256;121869305318355971405379762220101122704523571689810759537133524529808468908249320647747017546039943437324707258946993896491769532412381630976114827619790181233021734744011420674266678802540104037459293290973589251210441317293709652775956565464051855624016653116292021;
11;121877054517174288328226459697153342306976306726827034751318581188206609312735069170458652225008171757954833201233425157912873463372000375543303361258580548734270231351502990636257503405460766409827740533645071547345255922845694563613004495553976636446612393327329280;121877054517174288339549948336081894240886076032601132386698104101872844386733903069857183404016912261038229293061631471724724499420583459636489475521271393680750733202034493541526560309454575639714560063639264511091596774631841616294713035978197143663318419441827450;
12;97495345986812410978861334744635369032579283263634789528765826678998409938253558105969347657601997546134560316303302724257179082575664911106210185696627432344085611893102314914025126825211976427883546861424480471072581326955670010292242430793992678318606129031020544;97495345986812410990182044213651669485494220199632451013720534647968578747522809801541158325952436978424776985021064447329056222154743155846297827382013430864974639360738591951045207436555746964207875484847137202006756775955700318723680758390922581432737679132889674;
13;127915157914947894420913960572154115156587248531684330143525450010853736432535547792718661328778928618418138028619360966046854633154894280285629201746670050818610201400597549130508477305575992879298230768307245314712708936791636440168366515852060269774232652779356160;127915157914947894432234148626962985330946557757182743118195558448716438766396412959539671680006829907915182908467480232193569694902097389513478345813076431449220832189926818362252816742486802064435656499786960468781605335706385586833111979781495091218746761980827610;
14;127922907113766211355084146771159480461717469665996295113886940631351382037512150766637701284468599051355781886333710273973424521448064027159401189900556757525762312733018372906109654061286620518440242552874566162393256282195324763692903677570029372315149018324795392;127922907113766211366404334742943756867309062099973115967760138020780814244880995381649837537983798731628704942582117807426524661910299218173852993714557643896949830647949891229512698249401273666690923272452635728662760793044517550351868450295640681703583015504745290;
15;127915157914947894602758290193295404754862045691886237208241663060214751682787117754788581019054844996403904457420077916374495084138350205534639209690468905776565272921135546336492490666505809957621041735845212486828889904595665121901198694471986297126616149969076224;127915157914947894614033395701591814503688489320370443966037116620355092897368124965801231740868402801773883815316271639272447679446290428662274372326794238602914342529760459974607168705269314760500717513333519846709421391937411622622387611188337136791349198793256885;
16;127922907113766211536928476392300770059992266826198202178603153680712397287763720728707620974744515429341548315134427224301064972431519952408411197844355612483717384253556370112093667422216437596763053520412533334509437249999353445425735856188827215902617985341194240;127922907113766211548203581734547992271283276871639224694804785143986198249360686836102523501132670016263284025831197481811787725169524339109251679975869956791220228113385781933525754963387630325869239274097549518791184961209987226135363390499350294610135956565075605;
17;104564834316808055214719948861799855530771130615124175598887033218889841616502195119546678407278287378528395468187273862128046373789736446097278895164642379580050502543982482445357894062432463071597045875262604127600762071177705029735610086358746367751995450225328128;104564834316808055225897000069963367897947837160617153395703069960096487179457341201999028590956445828604093724268019557204554870083111721904461474276489766864660725502354689439526185376945262309981886532029301455141349611787018806724843021472324792709345171474819828;
18;25397474418146899989075609146524937790255362564863944276589833817393796079371004233459862510371316441941101524283036480059445565344412243432206248549257687850944521486320554137035714415568514825097072446715095517262833200047480563630265295856045193188057156245520384;25397474418146900000194683219600480895184537807257437151940554396298511403091993512802917510477266233359664313030194044532125703345646395217774286496176521280460487858077330642029168074136461522974396886499284736556502658637187687434304882167691133557208182655187649;
19;31443327014738823015933296220531075944996525504033204639158193260538568804148085829638911569831743735342050209383321596119996623420475895048304077191233896642436602867835936406887865071394368933709574465944590132310833559397110763710164477871661903333873494710550528;31443327014738823027052349664436967327873712140977964534624499304916804109952637675954551601653358896618047541658105418215434568324295372502130025697848417830856988089995213008244656150488070906076673038163678580370272790855961923351561915635319102796570878268254228;
20;31443327014738823027120138600638686187487406205225190229312428380671963252253760450117990411531033770755065036361941859550815141700048335807517566804472535887997573296495344154998388078233687596259048606720363975040282298380993559709840315184451158826320398720696320;31443327014738823038171403108342858710750898777922724430090805349295039415757189522270191633474974057894044873932889240310872513228114849955955974204462939019277373312154489609601447229581772878443771610382767028429712022314813082992959353412345155835619209210187816;
21;25397474418146900000262663652841694023110337431341022186757740605151319202322853493154811300965476303341967234897059673170383192015316466159842362971605174914206650839080981991140436094713187816107189685476778231017087657953964097620385515944607869343692642903392256;25397474418146900011313757292676024000113713049650930027291274975203226726812982792145972510583216024778227101777351609004805841346880547003342324443095354709976454229834107147022621732704408220851721326283473955850172117226894811238344468492705816756099094664770946;
22;25397474418146900168068741300155919830251649542717028968330431067088736367018847842633701957330149112005742229963241560451786566345392950970761468970081991518376725301373440705083058993028883727826728326955169498077868956186846407049666103487709798107101948148711424;25397474418146900179119818686705069662610232091388196925798084896792233246482836175746446992107121652963827763352543871872625529785299960320737843587618139398194145306446188304567007274073504067160773714008543312864268138607550289444032725655533207789693651816084866;
23;31443327014738823194926216247952911994628718316601197010885118842609380416949754799596881067895706579418840031428123746832218516030124820618436672802949352492167647758787802868941010976549383507978587248198755242101063596613875869139120902727550947789537128585625600;31443327014738823205977265634050830007281079539705217278584798082486425302758754181605788037909939224216035332099891256603580537549660717677955282590446178878400227897421864417776271515664599041820971093746046818858052682205530369332606001722633445309943040190926888;
24;104564834316808055061717076397518375961491483211286874689680995433889644908028379936416967416307058909823232396620669939626352843087112531735410191765827592636188716448215370116541008919544976600045959641668337200812457193845083142432372784148592295494030205409820672;104564834316808055072740673568247199249217978231488181316927952526352599227338417223836114592545269811507345927646405178318239939622310154066589948167994469885290157628601715398833415611004795329193559884729541045083082387047149312190704021083058539561180754040933053;
25;98518981720216132162636955307649897352041507760651937043007244400563947683217688651081651523312456654404589638738430489910320612389389131315454050154996645371511294751461133829359631264847814805371154291211850893743107584350444923362039093143760400956167732372439040;98518981720216132173514413812505031403329726305055444560199404878143947465980935192328065422350228487004019302183728284455180803718802904892942066606805827411292760519340472766545010877353701666477311988562156627533864100975344350663880991419706168481859771528569326;
26;104564834316808055189494642381656035506782670699821197405575603843708720407994770247260700582772883947805538323838715605970871670465452782931551878796972854163003376132976516099211781920673668913983656310441345508791107943700075123441938275159371079031695694696022016;104564834316808055200370945653010673123159527339095658049240550387805839187437520538971876257887916492421302424831083827390169048339644793931482886591740550701432297523395860432744057082621851146517165424146008053464971740997040557635819854740780417184651101902505366;
27;121900671124062432777231285466953963722748990866533223801943470904278339702711917635981740937089348578876544901580303996166623311180504203606313693879187834302896459300459958886329206366348895426397843144006092815390223908141238526962761656332984054571412342213443584;121900671124062432787886286656447443638131578589547443589393660698046555601520246670837096158939117895280131005490248200871357578026994371913246607612798979222649773904543251975560333004581975313259898198506697123189113514890891912918148539132114630141386457565197661;
28;127946523720654355804088972540960101877490153805702484164511830347423112427488999232160789996549775872277493586680589112227174369256567855222411522521164043094388540681975341156181357022174749535010345163235587430438224267490868727042660838348599307478487854129086464;127946523720654355814743313597024726687209106154357248595660755036343967752971330410138866233300837024118985083474573560860158456985788444913597574165037196299083258498938637329039281117231998205545172455652967058741746606053131259793498967608102167885798992758650277;
29;127946523720654355974633337933838529310300351785548186157055002089919942008186150469562415044068573230137333445964324319190747845340547897786943310350573346384997199604285619315093613168369095224648832723243561792249690966410160759499437679550089152622496933600034816;127946523720654355985282997208912877215187619109117358644818903233855600810357240873180965952100770698954076448347059766021492678543740324509032176898981571338723594055567819275877445349346445960116081835577822651243518974852230072972565385516004691663838114683972426;
30;127915157914947894432974792627444977117247154469296679745608083652649175236482485698526691132874205802008106664463483177619823082100929643669383082469279845947139319491715748481413126395966860918335145078217257793175150169196065643768577563164372209159876641002881024;127915157914947894443554336681771855505305866982681156092865666886579141100257278126360682031234731197412227788315599498340284756649300498741327489879482812079831462979256087593997156179397611249573082231266675622850501734621134733497857443724752722717010524400037813;
31;127922907113766211367144978826450342422377375603608644715969574273146820841459088672445731088563876234945750522177832485546392970394099390543155070623166552654291430824136572257014303151677488557477156862784578640855697514599753967293114724881283077937702548210188288;127922907113766211377724522714728033272900654533949936821633335410210246452249839996661973791498998411901627998830525340879624802372534409188304797528558530268137348562881409552915742437515926814941603992030705294932265303893710337010833223035679687673185357396518549;
32;24373838684743178973106066230824635277934450179222803543921106557765675499102868037826449301025530142334847196914090601687707409860764508033881490089365291427688913090254193935643832874248372359329003658406116361653088240885587959989749221031178587213996506539360256;24373838684743178983552273941986765312413569218837886427136253661751984662490136655602116374980772989241930221303340799346812931945736078899483510154143699153997004158163258073528456006279164438265276492828830898421243494974349378956978680479458356669006659226765093;
33;121869305318355971589830030753347907110177616389120411026125229439973110985823487225109738448473909441272468718091854658681383694967068643835255201700888172095989848734970039478487346794516897859647110480770791398989268408192295651961177197471436867841651751098777600;121869305318355971600241148368804202883761867908923956710655088684655612181926132313238916115719580658621549588036892076148873102141155772500564371443818704878492595140085555067093612341048905950134153206331653458372948898473809389094111294276213851031714575636592490;
34;121877054517174288524000216952353272415307837523432375996486720060470756590800090199028778404163579874210112575806203966607953583260238390709027189854774878803141960067390863254088523550227525498789122265338112246669815753595983975485714359188277196318060907765694464;121877054517174288534411334401760380651356655460192737439422757208286717533918694183540207875983847873110949798551817918688213147864389682947541679092894423066798480723710877026012198599167221515502674967095683130454712467746384992607087073586662578760097837454949621;
35;127946523720654355847959414319262965867677812337092142430306555771694937361419669765652707930904761976197951338909175397907227470946881243112802062594873773534046787715476341500280850567872388608747612426891066097799901095767886255207047131993483574376227640403034112;127946523720654355858300485986816499489568802401554256726155723793468691778901664488235880920818137753900819894439997723753182370982744075522576530864192647333521661591027683759971825371562476181382950195811955687566526565823156938667626817125170805847850672397380426;
36;121869182315200217868167026385256474617268933882836405047806630403767458904997124823569208491017759717362181134944886996152161906989433471161030650375421230960480537336123431059021745153190506774272128083878066067138185188658799076133706933662077532794985620912996352;121869182315200217878289975143522345082034780238618082667706154386834582262243485778298981525981396242623168987427102825840887944762445869465129958555902024096131629335401114810520991411669249400438308868941125352347608735781698393087711915984619775869434947788362373;
37;121900671124062432788418339973270719955603965733010301712111377692035862825663766895676689727683508440277410612194327189277560937851408426333949808301535321366158588653220386740433928045493568417407960382767775529144478366047722060952881876421548852120676058833879040;121900671124062432798541287845940923553514166312561663376843850491814771500328575705692451380788887211683717109400192405576091844873484540220179521346410124142403088508626545064791459642815055200121953253007301430988003121640545298873535421944613948539693908267035323;
38;121900671124062432956224417620584945762745277844386308493684068153973279990359761245155580384048181248941185607260509076558964312181484911144868914300012137970328663115512845454376550943809264329127499024246166796205259664280604370382162463965781068995901826879455232;121900671124062432966347349239969969216010685354298930275350660413403778019998429089292925862312792839869317770975384668443911533311903953537575040490932908830620779585238626222335845184184151046431005640732370788002099143021200777079223679107648767007637961676352187;
39;127915034911792140895024501333053466781646002656720573090361318179288102954928031780532387601583317184775278936409769182532593856674165340808705854208288591934271459793537793222879697136711006554423987005121651811161379829085828538223161732901919942583140786219515904;127915034911792140905146341950670773025448672429068432317671983620284633840368571660723472615244407206899928458295468429757938644603970363849734063018402249457506517142676503247626736981143441076396355364004170608404874558756546886758513590921480125666322140480977568;
40;127946523720654355815275814921067712119981034506894469754666065467556506875594673852639868838249065907690508413659209375657992887536140295981625012134402682339949511110634748904291880029014068197559819304011361273167673006474751523042336675662072076961520331364761600;127946523720654355825397654653089351496928058503012013026809679725264823078453661588116942470051898175960476580268558009493142544715009034604783625808910349503777976315901933501897205212289246876079999748070346687045268944615393792544337096880973771122965190831139658;
41;25397474418146900156881686793839163597396674676239951058162524279331213244066998582938753166735989250604876519349218367340848939674488728243125354547734504455114595948613012850978337313884210736816611088193486784323614498280362873059545883380945276851693274422837248;25397474418146900166980794315733627469122166443159830282201363079869241258906832702948742512066513104638106144237557511622327773364158672001294855699959022723199983434428978216930972952655661991134263483262123025961544537482794544494898677048114982534248229312637970;
42;31443327014738823183739373867845301752137837615409211420730883722475985968844080179117802226196416544005825204449503483401399997750552379859223183189710713246606677330128395120830487969710064845429113107422981399371614857629993073139445065396555954927221236746420224;31443327014738823193838151323025338071031511695149362966619089970590333697020915370689152078977586315758007525779862749647003741881587534309519253297066235657162766422384362028596522336893600491583151621450005301261861262738729317972523482293915997128097293466763591;
43;127946523720654355997120356668418147708619925832381469139395950184541650800692418453925658477419852111664125726095329255665752446910928003199057644887310385115605741555273766216270092062249239604343273369535237316308659693201380942765613237073556379310850030702690304;127946523720654356007176165851277034319234673456103172623753278425102114008781465268981138576808607608534215590795297681089739812532122803937178210715758315657754259482344092687249516977263868885430551271057921272266831346689909478078780870248043997206664593340683924;
44;127946523720654355985933302162101391475764950965904391229228043396784127677740569194230709686825692250263260015481306062554814820240023780471421530464962898052343612202513338362165370383104566613333156130773554602554405235294897408775493016964455172066360581215485952;127946523720654355995932656483987225120074886432686531132582804377791259612528331276799516860132968167770819450729795212852237511746932751231121043447389796292449988506850019236661277530323796695583330947912083510237346983294299386445693091486311222099472288750294676;
45;127915157914947894627874560207461655507409660029481656978847824003251278158706243441767866349633626770086432230170760038172753271322704736210566519956103020133042900545144829496450020457182070630809086640776059856766717506525808648040752216817963203919763772863938560;127915157914947894637866636216971349628788740117652360609135650652013697349908695020303525127971351493985127059587806423069529368346407917127873190095936628607502225950390015192700611639370949899974415743287250891558866680244229886413353289086578173115848079867207530;
46;127922907113766211562044746406467020812539881163793621949209314623748923763682846415686906305323297203024076087885109346099323159615874483084338508109989726840195011877565653272051197212892698269951098425343380704447264851929496971565289378534804122679387283028705280;127922907113766211572036822083878339858848094085877957096309497078778262448917215786987068692810215490026283622903308800221639571499705991148055817240201358276961885785219835334936607399896953391569447480247989388041846473385692769914767685990636411750512413188967722;
47;24373838684743178984293120737141391510789425045699881454089013345523198622054717297521398091619690003735712907528113794798645036531668730761517604511712778490951042443014621789748554553393045350339120897167799075407342698792071493979869441137799446395700630417047552;24373838684743178993998481653148895346892688258452969310351400765738293825877405273377783448936015836149013245692590997005918454030707649765085530218922106880305095226072322211413079138309956517201549327251545435189398749063110797924208139927813235520417732590440011;
48;121869305318355971601017085259664663343032591255597488936293136227730634108775336484804687239068069302673334428705877851792321321637972866562891316123235659159251978087730467332592068473661570850657227719532474112743522866098779185951297417578118382225402091056136192;121869305318355971610652265984260498657346119428727502395184947929338113378028777401368093782965251875970630457981929493616362509315242901165873541186749237660995341545201070655699877887580914040621195931892515517756629388755323126227045391081067739836809188554763988;
49;121877054517174288535187271458670028648162812389909453906654626848228279713751939458723727194757739735610978286420227159718891209931142613436663304277122365866404089420151291108193245229372198489799239504099794960424070211502467509475834579294959300985025601220902912;121877054517174288544822451851167488887405473396953098882358794356102678477037298168051637347804115872011787021297431870768472712468540975186056168331013967330455001380030890797935873648106917532216227668853254014239609181896786009728459787985125973631029283584932331;
50;31443327014738823041158602700674895968984985419336182832469622635719690012655510701924889394337147166064907353731879852277171326744759558214031093558903422059483729278841902753033977213153163091322964030765848751120487686874740670003836289056377066492269591625990144;31443327014738823050784056348414768722745128735574213526746520036885600020010901958413180545727675773255473446107168368389459864890256681538819482388297701727800936517657472782674503300461169957250466392793396337834539086053628036139795259009234133979384583154782248;
51;127915157914947894474106946660183639481765927132216642800432327796361587754411999344095874676075067356732499552474516143617706082037339473806160940712057089700358982065198929380542986693785850214153463423343153365786141596786673448905467603148010418760607963411382272;127915157914947894483449076247793998749189875933080390585545825225710029591664616789893592041706835251147998931206965881518423343311134393881726294103523091241143048477707122781523038220555004250714506722543606661155576229617412490050683259207078099231475135497940917;
52;127922907113766211408277132859189004786896148266528607770793818416859233359388602318014914631764737789670143410188865451544275970330509220679932928865943796407511093397619753156144163449496477853295475207910474213466688942190361772430004764864851337520231473576148992;127922907113766211417619262280750176516784663484349171314313493749341134943657178660194883801971102465637399141721891724057763389034368304328703601752598809429448934061332444740441624478673319816083028483307636333237339798889988093563659038517628294309473161588582037;
53;121869182315200217856979971878939718384413959016359327137638723616009935782045275563874259700423599855961315424330863803041224280318529248433394535953073743897218407983363003204917023474045833783262010845116383353383930730752315542143586713555387191632092586936631296;121869182315200217865970554425405262332332020261746060169290434591547694926998266691486019148141054499184830488652039567799993004150041496649440218344014514059196749825788308564028199225564361606458002447286097232451766905530987399146804603077050503825240830588894692;
54;31443327014738823069126282308560600270175204104565517296065071046042592873438176834752017080140717753156407785735893861641087424750460428445054631803625182008310025965255016133401178019949298650067891693561219231740177002848201794823340338259391516665764686067662848;31443327014738823078066142674365001954634907728321958922770963688423057467724757776105020766206704571254813056197318439451690614225603250003518890163756403043682440635218799404486431940997970165712509531095238853001719604903131356327841248713507284085577534570450984;
55;122892818048603939040755592441954246703876183513376474651880141337575473527009406108986563566134058964231344746765991568694365810132253468642638400411442956924644090841721822120251527913681672160749618274903753776054456988147090455213383375919808393272438437720358912;122892818048603939049523658012383013802447029653321049467602144127317172721952974481930060182943532897232385956846476328702639045916743025581629265134205251746871518181817753296407681728071454754044699905587212236663532816019852361156696076063042454658908180906435491;
56;127915157914947894446139267052297935180575708446987308336836879386034857641042972665004639153284332049140995172967919222204029336479177943451356218114339576235657327811603515476654589447334787036911620333128503933522363064269266346462038327037984487242638124650594304;127915157914947894454874524736580725679665176208179569067535775324441843434118143293181692382462632486909272668163718764486999818396503607969176633945889192710442093768585356825741495616308420434710507962746390776919398133535883880162602907668010354215274286819248016;
57;127922907113766211380309453251303300485705929581299273307198370006532503246019575638923679108974002482078639030682268530130599224772347690325128206268226282942809439144024339252255766203045414676053632117695824781202910409672954669986575488754825406020001155417899008;127922907113766211389044710686512309678492246967926757675506532799639678659618684611674110045014198092174551055078932874332724942834769600202756601342559416639324866477812927876318786625630579963192284711608774861201769814742903123669797995775718693642787699288291808;
58;127946523720654355829314279021103921901478613721005462357823259722604233635996424104446767821055179303000350731029147368384349072580851518388138538888833568511435667092981307502327469163933543692623734728056846049247878394968498633336332649533396208123565660461596672;127946523720654355838010307893161261508922288460663502123465394412855383682707374024259931382304599891321905152442837137571729896377150866187647133992745112212301539521404916674970261283168643954886694530480975996450096008354208745691173002477865257642623405690088266;
59;127915157914947894616687717827354045264918779328289671388693588883117883710600568821288787507934336734673417403192139774741934753043132295451353030342864380887481930116485421748339497450342751968259612500000286014037268767541925852041076379487043934970158693893537792;127915157914947894625308501209888224252514932948854650723832570180495434111949132176813882462681960607143863173212465362170400274754230651789909534963119571429263412138385373612721846744032819563380393290821827206589952879279158123343576527910648414614202983097393002;
60;127922907113766211550857904026359410570049000462601636359055079503615529315577171795207827463624007167611061260906489082668504641336302042325125018496751087594634041448906245523940674206053379607401624284567606861717816112945614175565613541203883009086900030494736384;127922907113766211559478687076795214482574286917080247211006416607259999210957652943497426027520824603185019736527967739322510477907528725810092162107384301098723071973215193754957842504558823054975425027782565703072932672420621006844990924814706653257056479022828842;
61;98518981720216132190604634915535601653231726445881271506602692810886850544000354783908779209116027241496090070742444499274236710395090001546477588399718405320337591437874247209726832071643950364116081954007221374362796900323906048181543142345565791553139264735674368;98518981720216132199040633262814939954533944970166803745737240726646435601332255319574537501693434864327334253399653953287504170241587227519857369813989541503285837695079301002420439807471070634023840036966256199084083788812170313054041346536088061890978501019145341;
62;25397474418146900017043288754410642091445581250093278740185282227716698940153670366286990196174887029032601956287050489423361663350113113663229786793979447799770818172733667517402915222364650383842000109510465997882522516020941688449769345043267625563214395379548160;25397474418146900025297597096618876150708822392265597259088999180364678157204315858559536353485001318323977317779358613686763890349730982118854093565456234684389602573040663837206222136102476000224185157681159196160016775213625373648096493093225566352439411564410242;
63;25397474418146900196036420908041624131441868227946363431925879477411639227801513975460829643133719699097242661967255569815702664351093821201785007214803751467203021987786554085450259799825019286571655989750539978697558272160307531869170152689439188113634353811030016;25397474418146900204154735877197071645563923982674032115063462931657181556338157575272755869785879487467663512743853187975422542228057404786225987327515167252424713654725492594234555958516192185867282932459602367960511979014984734248151372432147742374944054615599876;
64;31443327014738823222893895855838616295818937001830531474480567252932283277732420932424008753699277166510340463432137756196134614035825690849460211047671112440993944445200916249308211783345519066723514910994125722720752912587336993958624951929344660455777128520089600;31443327014738823231012154824091600170528550105423904778082201527524921618959086630028258850825957162558980848773665771056900608072047049852985661500303885239045956379262482656795132458177882355035818770691023635924886425783915431935843125326507575001581179338399825;
65;31443327014738823208964680347989121776126297530712189614042313097657107177351505051403780050701819974728682348798061739558574701074836043024950199557380238663653803741134361466976600111468859003042502672244240018181268985107622979433116876594199979840747194132987904;31443327014738823217028315020148748019933440762809237546284477322363470188567753563614695007924171869013230632771658766374942559069196614737473892377943005264632808036055925966611532054779814575663354939293338395615041767797184869526091100722627941846799930827907153;
66;122892818048603939079910326556156707237921377065082887025643496535655899510743921501508640042531789412723710889384028771169219534808858561601298053078512203936732516880895363354723450399622480710504663176460806970428400762027035114023007645213716044367859874426519552;122892818048603939087657774168463626301551770957045433563646663315619191404697429399265114157051304666602701773890488990567052575208686402239614869357269481828165265051293840398417777406916843759656065212438460593053066474302572761207226978200438332317170617055823686;
67;121869182315200217996818369918368239890365052442505999455615965667624450085958603780526022670984702077533589987393031680958711556642904863013290103706828800552562185759242348538492445565565394136236621823799404139825022713011736726753363251893066835164481909212315648;121869182315200218004144533379008014437390764322150087753885672233287645135765481540408149518254900849121000233726739241301940475510003233073319288054759636549259185182120458845977958585406021334227962850049918802643194709456360125159672356635014908499088490578334341;
68;121900671124062432805198965074839668023939209551762558265538919314605069816080944315072976459880083886468049281086900917580300056738665733961118416476905347767598113554055372790217603612799958603639686234220742247654002440658645629406190932427218414434527373472825344;121900671124062432812525127649883775704109275655176330608641574696978136557013089045238069142184254865479469299153490866282930217652565305397581882645268880874753915635424252016735658266040586788742874798114626147119892387899248850095250059998637810903361642830162619;
69;127915034911792141023676056992374378045106215381675259818184325110769222810735685376705071730445129370934538672493316797019262614718968514629387932348805009344054267140757730808344596221391248244849123843028898754873023072361366926833262433908677495594519503405318144;127915034911792141031000900186156442380804656512600437403851501466737696713890567422832640607517911813397759704595104845218991175351527727457923392517259861910634072989395847283083704154880213010186009345112964058700460532431208618830474031571372301468717323614206624;
70;122892818048603939068723272049839951005066402198605809115475589747898376387792072241813691251937629551322845178770005578058281908137954338873661938656164716873470387528134935500618728720477807719494545937699124256674146304120551580032887425107024935358099081173925888;122892818048603939075827854723669315098159568073154773914768152496542270306783679600760550033371954696235509587087930608727458753270211696398601859302492136213553800202105546824876143171240802533929944797637587618490760299638138078986634176533305284365137266767269517;
71;122892818048603939208561670089268472511017495624752481433452831799512890691705400458465454222498731772895119741832173455975769184462329953453557506409919773528814165304014280834194150811997368072469156916382145043115238286379972764642663963444779994980862863777726464;122892818048603939215609921377168867595212855897680630641048544225125200508799037557510016790094887588355716224801506608037227945135679287030856791730539562135508390330312864516885044509632202264576849012656662510142091110985941432189959327032198487205112621362431814;
72;97495345986812410783087577489435438924247752467029448283597687806738089912774897623663329315433754150379284889233106827611859610239887556064267541453428855791089240744396742819715303120100144957419080557150718723392110712749326576043457794067231403773962592848969728;97495345986812410789913051745473955518440296362923219040318861394556860464150433994708630555398414221014775788123910557074018164974072988705583726691365436215925941559521059262476240149093875349391365668123189823690511385005776702640697209426617523796952342966667556;
73;24373838684743178945138386622938930976744231493993469080325658147442772638320201904999321615221959555243346764910076592323791311855063637802857951844643531478862616403841080555276632067452236800584075995610745881033398924912126835170245171829309667147398194812420096;24373838684743178951963617957730320738172934295917132533691936050484380715890944321939049168402655387478610221701535413480841581113856017620292140165318398220259036231507500773421269072695515028085514588630848831495746945702317214886718875035683211587325452575054998;
74;127915034911792141039578819162791537734103655227835583620383602124714317631297329231105754142009380167263492045215306161285638970851120372164973749824797226319010859920663317248555692520637824141344548016469727989970921368120977352554219451456468690349785364656291840;127915034911792141046277124465147086561001817566605776890618316329678718027326271396160550690372819654025457423057887575551907914050162869054251761423710822964692175227986756977928360237992465723770606933917443980076847140380855523688164138014719848719584098074064192;
75;121869305318355971561862351145462202808987397703891076562529781029646380872454460546018502925683174133680964338585257737267706949408907113480450479103170658631288194481374625574598949548065834682405267390556141966725489875674888549517747921362555280110590357858680832;121869305318355971568547222097430255526836630426568591221154907495473713894033298980938299811272374627809220164475511165670732920912276889527658562224702963976432075049662426726510455321227708860734014404983654745560961145372074696303021480721379554683548093030718888;
76;121877054517174288496032537344467568114117618838203041532891271650144026477431063519937542881372844566618608196299607045194276837702076860354222467257057365338440305813795449350200126303776462321547279175123462814406037221078576873042285083079396198888122713416663040;121877054517174288502717407632238870681825117228707819225141109728505198487073737540386346985260432186953889433392166612048383438925703290694251828359345716608199283386901243235381270086569088204782066094337810890846373386251312139781313112812827322328448218379973590;
77;97495345986812410811055257097321143225437971152258782747193136217060992773557563756490457001237324737470785321237120836975775708245588426295291079698150615739915537430809856200082503926896280516164008219946089204011800028722787700862961843254446083892378389943681024;97495345986812410817714285707426750338525504272738990644736621290117808161112969965374277559715752231968892011017724793559113793212534074020167565612843336602382364889455210740512577783184707410422346526192188784453679044242322672852564661700087616255047563843670601;
78;127915157914947894588720038219468340963728560643060336925098140472791153597231542142197551985143601427081913023685542853328258007484970765096548307745146867422780275862890007844451100203891688791017769409785636581773490235024518749597647103378165940468851832990466048;127915157914947894595378503834282189455032378391359637331672662744724063685770466302026189466784475338726384564937406038861276814297557396513881907277159504165580284946377932341434504250020314316257405940884162180794270777226070768200970521151895710394782294926868181;
79;127922907113766211522890224418473706268858781777372301895459631093288799202208145116116591940833271860019556881399892161254827895778140511970320295899033574129932387195310831620052276959602316430159781194352957429454037580428207073122184265095006876963650675740246016;127922907113766211529548689369090804610020865193498865335658864977755548278810904861474236640772532897871053833854061485238927332310983797680475173411802256797347493283616748850305319015361693660305457630238318326079683018105308211679262153243343734795545123706149460;
80;122892818048603939238393859893744272710071669107316239416104034636357290287494134833102235285955309586993582112823641766559824561946803240782075960185311712098812057712087442162731057455425958361106236426558768853777426228541897942879573439103342197490348461490438144;122892818048603939245032315018426112828698846282531598335632658778370810022734225437532165155283476764390159486014440993036728238922383586104544917382703304669701034662666319195978618189838479173162350741563647835165584892213353983414936797372992383890339516288568973;
81;98518981720216131994830877660335671544900195649275930261434553938626530518521694301602760866947783845740814643672248602628917238059312646504534944156519828767341220289168675115417008366532118893651615649733459626682326286117562613932758505618865021176241544392343552;98518981720216132001212432522913148682701250315553770057819012900752152552359524333414378886783585440071643381476230019836998079690008727161263769958315757290339489583103382174385865599061461135538247661834484519569881208076769104530298594384400205363436050430340259;
82;104564834316808055021688564734341809699641358588445190624002913381771303243298775897781809926408211139141763328772533718689468296135376298120632772798496037558833301670684057385269159022357973002264117668962954241730326645467192814012657687634406357979088917813526528;104564834316808055028070078338579983393338436043825564460618543274843965241303731063538598009675343473187461153631767651143064751571243030113877419719683341599640408665423764636964691095938825793130297945933777592149421113164687376284913479303628464310585198213736791;
83;122892818048603939051942646948271002936731158379853552562048048125332996649961255368681512356728218825632210457380014761805303436803157691370274514833790443987906220194482249974356249592826345151759735513665436489808711446053573989203503596008365037360769760233521152;122892818048603939058291723582811780901017875793265624283324146917058871916896542854873556799753006830233427166926961088710912281701232582520620129856967546569098945521913684472563835542461237347339781536270670697272608643892614267100008776219645369555582114510784326;
84;98518981720216132173824009813966653584896482627129014953175151188321470806169537910776600313906616515805455349352453683021258239060293354043090164577344132434773424104221561683464352943992487796381271529973533607497362042256928457352159313250449954625083502017642496;98518981720216132180128165676178725177305848212888462151315673572902712004960217262976084610853321102935925075364253750587819721855616822412281965886505484701901527501935996513203374659862133505791913656721714255394042478895738921277629821567966485139032347637015839;
85;104564834316808055200681484761763645749273551401013182995729838963842114856100444867739779424472173983218553150817335869401690188745025223690765368410211493408564346561635923847322304927512987576533130451217119351520556682683957919441614112490290809158769078171598848;104564834316808055206985363588813576286442122840914175595723146712905707936939668951304591716093241944564938294180006791352406359079546848244189394876781061772588441296815615245373275039871056259895319471420164877425754914959723141262421339731906548587378846377003709;
86;98518981720216132201791689421852357886086701312358349416770599598644373666952204043603727999710187102896955781356467692385174337065994224274113702822065892383599720790634675063831553750788623355126199192768904088117051358230389582171663362452318727118362542765768704;98518981720216132208087273779459915713526732342942703410935266096020060136239410677789433816482965189772483846411798680246452985983427586282272018217359434941588181237833276683381313672589292074478382481251096234472326043645276720609277763233981701573379035055610183;
87;104564834316808055228649164369649350050463770086242517459325287374165017716883111000566907110275744570310053582821349878765606286750726093921788906654933253357390643248049037227689505734309123135278058114012489832140245998657419044261118161692161555412709396730347520;104564834316808055234944672839522336801894724637697098668952722973048038135593510860118448989814148818677440162100792238670419885415729876789492071314294198445299940313235796111004934046722355275353733029046338545778124954265213599110365355243109123225546810488279727;
88;121900671124062432984192097228470650063935496529615642957279516564300010103728787924246815906838916556532689986767105997972641057739646441499673636897729651435030317369108259358264948190260327506369342114460816228469038196798011472825591740073451962602450426148159488;121900671124062432990454120663297844819871202206826219288814976877997641106321610272975889101972772084593202124443558721035697127221403761107683527980712436423263723181762113942239338047784569352355433802325899495930827888020500734997999532312542788805387530998764918;
89;104564834316808055034739917311039515839996194014676842390294349757629846568772401962869772313987030288861008932415996704831239624163403812708825963270983792578274466978124111404449522510626592814270436773697786900818996305225140241621990066522514709360512050726436864;104564834316808055040977268231167010157212931212321764180379891355845898902045499261839367286731885382092781780312733076667546871021123519401218661877114523150168098313883498898250404913653988489999637775272017272112850410741155652361835460437014000894169475158135471;
90;24373838684743178816487043089827165703648112934323874672516322883585781457358722948042507435255017195071937912461931907517241662201592245950598498513235961886780967980722163075805931655077349438619582255689407808346561400559189184550588853598320364777831537768923136;24373838684743178822696444054848956502102598811423295720829279252510513803583577351360017399538802864863147247006169587441263915736902464103385716506123352396433270470954946628891983396337103980545141311012003905968986961632560292956521582779269601809528281205706315;
91;127946523720654356011049572176267642228312565303499810999834204339820654153659694881209995017404474023945787788231988184353073007424378311147348840730597012408821239826522621522122900173780827286521201035704401972492232837225040934915046539313292357197861282765602816;127946523720654356017231975034135920929849421079824876108110606665662577216870512084036618676197363105404305455495266106513727178153317604675298776544206246199902777409414419158228941892278498166517829172580605228225003000178438013391948503428049460512024979677228329;
92;121869182315200217829012292271054014083223740331129992674043275205687032921262609431047132014620029268869814992326849793677308182312828378202370997708351983948392111296949889824549822667249698224517083182321012872764241414778854417324082664368165497157937551833563136;121869182315200217835172002630112555458075120319566003923251135103330476588885218974453613203540200140588984241714381422697755652619030564610215867814295738966859551051756292947796218760302142121507236393148526932712162329904209914294536320814401282741147578004081232;
93;127915034911792140855869979345060152237964903270299253036611634648831805646039691027226181074080456562270763677427134909737859240388892029818468826350328192739884192678465272094401973323075552333129585201550507487812241774128484617403981846383780756844410445592788992;127915034911792140862029524670761479836400374415145400446744178270263409170330801106413342516725950392849409275035676599740369165915776821572376980933837449829586983236491675988555068780334038426037931471857215377886320872206992401073298314445202868139247067577292628;
94;121869305318355971433211007612350437535891279144221482154720445765793216944079342135325796582703396494009559433639695964510917947307896381751972210124758842555081903625438008618649445575345874938937689078054082845682741567865896876522016830038575568277342391302619136;121869305318355971439350228385960559812556029981697828805662826416106984509721884001369233376204269774247261005230748036008167404413034637895865191165079198850732578918799182115097735260909999837779986916661104905847639536848819890838424260388335710700442794915458772;
95;121877054517174288367381193811355802841021500278533447125081936386290862549055945109244836538393066926947203291354045272437487835601066128625744198278645549262234014957858832394250622331056502578079700862621403693363288913269585200046553991755416487036965901467385856;121877054517174288373520414252867550042615383949923425292836672842871549608730404768052776941043133770288417568546250413160277607566332711916047818309343928520192238753629002257333731021436003329375018653621843402330619329990282774339838657292825321621730754453502443;
96;127915157914947894460068482560147429700268347918105650197275133541313860994010249092288975693268953961422657235104578150891349896992628251399647413957626203528872826082852370782507397558866374719089547999297668589705936208292926338611471629278418470350784240757506048;127915157914947894466194712791389595854024485433677982042205883762304545767979008460002702733690533776406317548011838030633714880143706717197025778012295573341052724557914626057485835053219229619847933694226105930988294532450633026827348371611267985713538049238458218;
97;127922907113766211394238668759152795005398569052417615167636624161811506598986852066208015648958624394360301092818927458817919785285797998273419402111512910236024937415273194558108574314577002358231559783864989437386483553696614662136008790995259389110407750922272768;127922907113766211400364898658296586084083839401903578529379730189069110866987529226686246298529397772447474111327340407785825083297004791217208405156560303010512384392744446199721830813745233111442965431186844427471274325592095910328762768515757699612390041180065066;
98;24373838684743178805299988583510409470793138067846796762348416095828258334406873688347558644660857333671072201847908714406304035530688023222962384090888474823518838627961735221701209975932676447609465016927725094592306942652705650560468633491630004046868491611930624;24373838684743178811355410285042893668977678954221837365310201360759224221093734902400120789368423835292253377715600866841544921183923636325523998841134193015998088338603365432002489839536963207624990321792091582969894627894231351152632333157098581278854651819035320;
99;121869305318355971422023953106033681303036304277744404244552538978035693821127492875630847792109236632608693723025672771399980320636992159024336095702411355491819774272677580764544723896201201947927571839292400131928487109959413342531896609931884686410052683689885696;121869305318355971428026739664007414109878543884402139049486392454007479309231029550161828099482827661939743089802829989502701447079483635589281736649982859644828964193869928301487383108120034571006422374765266354301906796997116478150935028746907759008300747649069855;
100;121877054517174288356194139305039046608166525412056369214914029598533339426104095849549887747798907065546337580740022079326550208930161905898108083856298062198971885605098404540145900651911829587069583623859720979609034455363101666056433771648725605169676193854652416;121877054517174288362196925613938998108705614644149327657457149929205314534731570868654245762034393267205021476718044099348426571517749627822861704046653083573711736903097499352064674117442194099488199123627650438584278478204135721658130116854615928968926642782944112;
101;31443327014738823055087818208524390488677624890454524692907876790994866113036426582945118097334604357846565468365955868914731239705749206038541105049194295836823869982908457535365588885029823155003976269515734455659971614354454684529344364389798250495829042249334784;31443327014738823060409509996154641476505272051812244221023417438051510027366293214901471697118204380446039538482456884501748403035753804863607871217691981396118143756473042812315029387769176823177968754820943924548590485232515402275754228966851346863776330456408145;
102;25397474418146900028230343260727398324300556116570356650353189015474222063105519625981938986769046890433467666901073682534299290021017336390865901216326934863032947525494095371507636901509323374852117348272148711636776973927425222439889565149954887259259818450354176;25397474418146900033551905438827110209972063534437915777992716133012657374254961350832082510795115607615352679271666737950166117349348850574478400336933021569008386973347660157009529049840301616606370205851852394437511034406309058846423641143189267155253264945638148;
103;25397474418146900184849366401724867898586893361469285521757972689654116104849664715765880852539559837696376951353232376704765037680189598474148892792456264403940892635026126231345538120680346295561538750988857264943303814253823997879049932582749486875304778488872960;25397474418146900190170896073254219494968814640059364883265738726495730125946824508859192026884094193921913296741846183293464493225206969670714218205154287278011565311518935904050955555118124406494819101061917127650667321028254171838399347828268690274586729446501124;
104;127915034911792141048901363472518198069094675296978238011495754485950344019243110248991049554950532801657395816841875053176437318043252177795114948716474534761101393551763697154490708363150042402462513407850157373682677199838996833126934245107985342252275705835421696;127915034911792141052975429767502635387899979905375970160853030534643118423355213561215347238736259140787422800900468989818176857249205365943529773022624419610373490535310196707301027955347107306196665851365159970182772912640733694822108824576078176645958819623660161;
105;122892818048603939247716404203470933045062689176458893807216186997593316675439915850987530698896462221387485884450210658450622909138935046412217159076989020540902591343187822068666073297938176622224201817939198237489182060259917423452288232753193478479386072399740928;122892818048603939251670770143107952947326023457746957255161282920384329757974316041962095024611643941786736859205240219513631915897963931427013874580094897240590011613245196229226178924250999985218465056568526816553743555884810023950300155642652010427372890645536027;
106;121869182315200218008005424424684996123220027308983077365783872455381973208910453040220971461578861938934455698007054874069649183313809085740926218129176287615824315112002776392597167244710067127246739062561086853579277170918220260743483471998618725043745024760610816;121869182315200218011470696839647788984416476201794176052155378798950840185572359300290276365525099620708410480060446801645169394377101603133348472402690472545956184604998569153463471605246648532219303876300433465461366705900983523565981461382253139099505340877677834;
107;121900671124062432816386019581156424256794184418239636175706826102362592939032793574767925250474243747868914991700924110691237683409569956688754530899252834830860242906815800644322325291944631594649803472982424961408256898565129163396311152533906247998768590998208512;121900671124062432819851290224927883384279341758590102951744230079351203297945233775403161824488425844490889317220080814985560378566464876834045348813632413981909717716793131243253712919281214973846063362008510046585782335139852070784309187570066670353923263443621238;
108;121900671124062432973005042722153893831080521663138565047111609776542486980776938664551867116244756695131824276153082804861703431068742218772037522475382164371768188016347831504160226511115654515359224875699133514714783738891527938835471519966762704153602983009976320;121900671124062432976470280859354992669276092864211552057017252672834276049637096933430271340577404430797449934690260260328858754442322995930281166681853679690912896054964406990295139424559037763734512257218574779798938621761797183776284894255491606013139649814713718;
109;127915034911792141034862899372481988287597096082867245408338560230902617258841359997184150572144419406347553499471937060450081132998540955388601421962043648589615237569417138556455119228230566907398597983804672597602471811345249722832938271239138140837625915500396544;127915034911792141038325743379938506716503097643525614989518677822706170617045449468960209484590694255860980736696892893418719735984086940286458852685714714477213878838033963757822812088369177775522894847197029362527897992501050310827685629239357264752488757111387456;
110;127946523720654355843243494528953416421171253192123804218261513877883236988963700531731104361039801215282012793165806297071669633094301826336429734732120195804651165364230162808180277275465131374801662394226010705431451538992158625485765951773748670457049241958219776;127946523720654355846706336765218601116365963200321541889107529103106533729418323944073094943554020479643459573856526906759110720173450213987155729096656655913167411949828525847613053402403744217149654332905105943652313621739918858046013355427172611413285952759322260;
111;122892818048603939219748724595585228743872470491229559343620738587270413814657249718160403013092891634295985452446196649086706811133234176181193620832267260592076294656774708688298872491142041063479274155143827756869492744286456298632784183550250882985532988856467456;122892818048603939222658172665069262679408216170608779848644256650737510325892674656554579357691043403816312707770839760098686705809028620608156077051159350742202615356611448199575938207267036456684541108931179977168943935591910099737254690624529052246194898582867597;
112;121900671124062432945037363114268189529890302977909230583516161366215756867407911985460631593454021387540319896646485883448026685510580688417232799877664650907066533762752417600271829264664591338117381785484484082451005206374120836392042243857886720761203556584783872;121900671124062432947711304498849642368870394434760740401146507604569794083645182193667424486685657641333922564139411271442371580724346896517240313616966153018949492965792648314027232578078173616190724016015761740172457616135692702248951781324818138279230369993020888;
113;127946523720654355971895050188274327684631465917078490946084520809360529592184993581639680652914448680941268581746770999508577743586644340033330628519640859698558615144267799870123979920490445446729883804713978697499005565723751036471941425873497380615167426567340032;127946523720654355974558429437994098832993391384178715062894625370156797635206298079810009784566754301741357535384340290354919772924097290281388348823134494369504025753388079921908142543090728263567581841913661483294581684487069251056070906706396141831808737917229651;
114;97495345986812410794274631995752195157102727333506526193765594594495613035726746883358278106027914011780150599847130020722797236910791778791903655875776342854351370097157170673820024799244817948429197795912401437146365170655810110033578014155786922611309970639028224;97495345986812410796738526001512472112632840258816989797040034982375631015525970365753931795363074291650266687014714286536176719708258421346899911929302016640762642374645375705237177178087605741363650779095660923988912057262226829237936624799311106565983396043625033;
115;24373838684743178956325441129255687209599206360470546990493564935200295761272051164694270405816119416644212475524099785434728938525967860530494066266991018542124745756601508409381353746596909791594193234372428594787653382818610369160365391934855522755608052248870912;24373838684743178958788849292521710499601637097840795987058213953525988793461686738878776721583351219713873678492994234637891850372648397437726328485993264961655456059173920991565906077938793255586953181650951781958094966492507594603192578247346913293062979271014700;
116;121869305318355971573049405651778959041842372570368154472697687817403903995406309805713451716277333995081830049199280930378644576079811336208086593525518145694550323834135053428703671227210507673415384629317824680479744333581372083507868141468101135719064098085797888;121869305318355971575232093049398308244685863149246105879780033961301046915612137415858096696861575121937475990365764594073758892415646665574866645346235269321575955617950227878421961094389583039062761419411167524396432415069260843088295040085493986522052214345415505;
117;121877054517174288507219591850784324346972593704680119443059178437901549600382912779632491671967004428019473906913630238305214464372981083081858581679404852401702435166555877204304847982921135312557396413885145528160291678985060407032405303184942054646833722463092736;121877054517174288509402277920010173249532615619212596917390947806866370496716411560835151089148019807289170670484726178902490040149329721034281189461634067877958260960007037120562413869361714088016853013552158967286709551424047406520341142551548603034408070416164781;
118;97495345986812410822242311603637899458292946018735860657361043004818515896509413016185405791831484598871651031851144030086713334916492649022927194120498102803177666783570284054187225606040953507174125458707771917766054486629271234853082063361131676194287868314648576;97495345986812410824373314317532357451613037393219198542280106363174623548668376174258098118194179726466998700798328750142451878179479721745044051527536057464849192348100565280942651639473134304680684832438288364895558059761857644842167480145735120734063772933956754;
119;127915157914947894599906880599575951206219441344252322515252375592924548045337216762676630826842891462494927850664163116759076525764543205855761797358385506668341246291549415592561623210731007453567243550561410424502938974008401545597322940707869310032791115728420864;127915157914947894602036969449096037946336196139658937738247185016656973774309390461854826948425349250370856106189269224394295621110144027931215506809172140908380294029865856838417908296148939841497042471982687779815051319427622786804293938930391436459828577747434922;
120;127922907113766211534077066798581316511349662478564287485613866213422193650313819736595670782532561895432571708378512424685646414057712952729533785512272213375493357623970239368162799966441635092709255335128731272183486319412089869121860102424710228804518049891745792;127922907113766211536207154319707902951182948609625428775858098862222297355413664606831881340711793935722550786308230809223026768843827083390630050924570939464762599371922666080558361071121070890451134066123679222705328455782409350236340041396446080761489315469014185;
121;104564834316808055032875407114449419942132239289637176214157148501904697691404450518260888768107501174554778155751153982120286814414948738879846262411734676804394272099343465133379682029197291664813591809738728084459775384451075610012333524947186002685562345819734016;104564834316808055034451591942818157087035513499205938297234173167916627239308686229295386092942475807233158978491001583596661207007109762107122066640870645640447515660163471888660223169519678583996478222904600942568515580862181938557169270986079542458315242602255023;
122;98518981720216132006017932166652427777755170515753008171602460726384053641473543561297709657541943707141680354286271795739854864730216869232171058578867315830603349641929102969521730045676791884661732888495142340436580744024046147922878725707342713214978640373088256;98518981720216132007593987385490625820502304981831609854203471862877774586197354365225996906619387034402472119280211437045078921320704807817992595760111685813337758877038089233354722831590803377424879673935509412457436130035975595127838683163227670575237876472699207;
123;121869182315200218024786049526253944191555271127735333919211414077947352946741269913353150356788272664625090419397045690322627654648605733244313641951550560501388482445655461918859646372361529694981549486594774620444712028985197851572867301094934280620831930738278400;121869182315200218026123023760927338078467899961082352648694791930277230285186114820054530060065497163883230972727861922331627232111298343253406841098552144539350183450754789768434497644927902928201985928801462791097710698790230320378599670877480475017876980960938516;
124;121869182315200217840199346777370770316078715197607070584211181993444556044214458690742080805214189130270680702940872986788245808983732600930007112130699471011654240649710317678654544346394371215527200421082695586518495872685337951314202884455444482840578683591196672;121869182315200217841331712989171096832926500308002015172458995000973920256507828517860094392460371012308153491101913051718203122925232751018060737920239493985326990806562696071042614853354586018497389603976040992660083245029565411264989977261911959736852596189959329;
125;127915034911792140867056821725167762480455783971491238626765869768965200094145365647705259915779746597683778504405755173168677758668464470577682315963566831985445163107124679842512496329914870995679059342326281330541690513112367413403657683695352059230408893613998080;127915034911792140868189069996462807434835845559991547856876721891695012694621911185600503959371444223428054872644218289742879091442661613326285135517346706919289773794518079882708164237592524518946277742163923267960399970285500184742614782507838486861863684777127592;
126;104564834316808055046913871214485629723629818503748168817314342756952424451806200770067787750913614569864620473121091974846642999459659961286359789166165562975880428081690023731415271164116767159877507233784212860539980772944822720306329498816320991780788804819877888;104564834316808055047214619151294504474429668409966685970465432954061951235318596560808962259476740475324554628209469448503854117878843226093611360483245253722061729649642886392051287316681384165728838776846247643406704516257171063101680854351514164036486684468618590;
127;122892818048603939236529349697154176812207714309981815897048280209835793552488066591292581908302302359986620173836187465339685282468030823684581044654641533477640461990427394214561351618793503631214084579177515523734927602353433889462168012646508278182926768727392256;122892818048603939236754675240870052847798936716465078263835681501962129960079948854643704492883355034737505673709506064221604227155727287762754647692398927955591065409208615564957725602536704840899925301480214911222649584803847434831845417810318846364227896962653467;
